USE TaqueroMucho;
GO

--Insercion de Empleados
insert into Empleado (nombreE, paternoE, maternoE, calleE, numeroE, coloniaE, cpE, alcaldiaE, estadoE, nacimiento, tipoSangre, CURP) values ('Jedd', 'Limbert', 'Rowling', 'Miller', '0', 'Southridge Drive', '40370', 'Coyoacan', 'CDMX', '1999-04-19', 'O+', 'LIRJ1982429DFM46');
insert into Empleado (nombreE, paternoE, maternoE, calleE, numeroE, coloniaE, cpE, alcaldiaE, estadoE, nacimiento, tipoSangre, CURP) values ('Hedwig', 'Spain', 'Hourihane', '3rd', '25', 'Grim Drive', '37461', 'Tlalpan', 'CDMX', '1983-09-14', 'O+', 'SPHH1983914DFAOE97');
insert into Empleado (nombreE, paternoE, maternoE, calleE, numeroE, coloniaE, cpE, alcaldiaE, estadoE, nacimiento, tipoSangre, CURP) values ('Juliann', 'Merwe', 'Millimoe', 'Fairfield', '998', 'Rieder Center', '34502', 'Coyoacan', 'CDMX', '1982-06-23', 'O+', 'MEMJ1982623DFRIU89');
insert into Empleado (nombreE, paternoE, maternoE, calleE, numeroE, coloniaE, cpE, alcaldiaE, estadoE, nacimiento, tipoSangre, CURP) values ('Belinda', 'DOyly', 'Gwioneth', 'Schmedeman', '24898', 'Ramsey Court', '90056', 'Benito Juarez', 'CDMX', '1983-04-19', 'O-', 'DGB1983419DFOWE90');
insert into Empleado (nombreE, paternoE, maternoE, calleE, numeroE, coloniaE, cpE, alcaldiaE, estadoE, nacimiento, tipoSangre, CURP) values ('Micheline', 'Parrett', 'Brennand', 'Trailsway', '1302', 'Hooker Trail', '674310', 'Milpa Alta', 'CDMX', '1983-01-28', 'OrH+', 'PABM1983128DFRRI45');
insert into Empleado (nombreE, paternoE, maternoE, calleE, numeroE, coloniaE, cpE, alcaldiaE, estadoE, nacimiento, tipoSangre, CURP) values ('Marcy', 'Czadla', 'Hehl', 'Eastwood', '2', 'Loomis Way', '93406', 'Xochimilco', 'CDMX', '1984-06-07', 'OrH+', 'CZHM198467DFAEA67');
insert into Empleado (nombreE, paternoE, maternoE, calleE, numeroE, coloniaE, cpE, alcaldiaE, estadoE, nacimiento, tipoSangre, CURP) values ('Adolf', 'Turfitt', 'Langhorne', 'Straubel', '5', 'Doe Crossing Way', '34512', 'Miguel Hidalgo', 'CDMX', '1982-05-11', 'A+', 'TULA1982511DFRAD63');
insert into Empleado (nombreE, paternoE, maternoE, calleE, numeroE, coloniaE, cpE, alcaldiaE, estadoE, nacimiento, tipoSangre, CURP) values ('Editha', 'Gribbin', 'Haggeth', 'Nancy', '5', 'Bobwhite Point', '56703', 'Coyoacan', 'CDMX', '1983-01-09', 'O+', 'GRHE198319DFIAD73');
insert into Empleado (nombreE, paternoE, maternoE, calleE, numeroE, coloniaE, cpE, alcaldiaE, estadoE, nacimiento, tipoSangre, CURP) values ('Charlean', 'Alexsandrev', 'Sarch', 'Donald', '26935', 'Truax Circle', '09453', 'Iztatalco', 'CDMX', '1983-01-29', 'B+', 'ALSC1983129DFEAH44');
insert into Empleado (nombreE, paternoE, maternoE, calleE, numeroE, coloniaE, cpE, alcaldiaE, estadoE, nacimiento, tipoSangre, CURP) values ('Thaddeus', 'Botwright', 'Naughton', 'Homewood', '4229', 'Saint Paul Court', '352174', 'iztapalapa', 'CDMX', '1982-10-21', 'O+', 'BONT19821021DFTAH6');
insert into Empleado (nombreE, paternoE, maternoE, calleE, numeroE, coloniaE, cpE, alcaldiaE, estadoE, nacimiento, tipoSangre, CURP) values ('Stevena', 'Tebald', 'Droghan', 'Harper', '7', 'Bartillon Plaza', '140093', 'Coyoacan', 'CDMX', '1984-04-11', 'O-', 'TEDS1984411DFBRT6');
insert into Empleado (nombreE, paternoE, maternoE, calleE, numeroE, coloniaE, cpE, alcaldiaE, estadoE, nacimiento, tipoSangre, CURP) values ('Corie', 'Halsall', 'Blything', 'Lakewood Gardens', '00', 'Moulton Center', '6387', 'Coyoacan', 'CDMX', '1982-06-26', 'A-', 'HABC1982626DFLLO95');
insert into Empleado (nombreE, paternoE, maternoE, calleE, numeroE, coloniaE, cpE, alcaldiaE, estadoE, nacimiento, tipoSangre, CURP) values ('Irvine', 'Iddon', 'McCorrie', 'Packers', '3037', 'East Hill', '12894', 'Coyoacan', 'CDMX', '1984-03-16', 'OrH+', 'IDMI1984316DFDCR81');
insert into Empleado (nombreE, paternoE, maternoE, calleE, numeroE, coloniaE, cpE, alcaldiaE, estadoE, nacimiento, tipoSangre, CURP) values ('Lanny', 'Dunkley', 'Fargie', 'Russell', '2342', 'Upham Way', '90431', 'Magdalena Contreras', 'CDMX', '1983-01-09', 'B-', 'DUFL198319DFNAA23');
insert into Empleado (nombreE, paternoE, maternoE, calleE, numeroE, coloniaE, cpE, alcaldiaE, estadoE, nacimiento, tipoSangre, CURP) values ('Annemarie', 'Pellamont', 'Broske', 'Talmadge', '89836', 'Mesta Circle', '458592', 'Alvaro Obregon', 'CDMX', '1982-05-13', 'A-', 'PEBA1982513DFLRN17');
insert into Empleado (nombreE, paternoE, maternoE, calleE, numeroE, coloniaE, cpE, alcaldiaE, estadoE, nacimiento, tipoSangre, CURP) values ('Rose', 'Yerborn', 'Twidle', 'Scofield', '084', 'Macpherson Pass', '36150', 'Cuauhtemoc', 'CDMX', '1982-10-06', 'B-', 'YETR1982106DFRWO2');
insert into Empleado (nombreE, paternoE, maternoE, calleE, numeroE, coloniaE, cpE, alcaldiaE, estadoE, nacimiento, tipoSangre, CURP) values ('Les', 'Leemans', 'Pozer', 'Wayridge', '9555', 'Katie Plaza', '45570-000', 'Venustiano Carranza', 'CDMX', '1983-09-10', 'O+', 'LEPL1983910DFEOE37');
insert into Empleado (nombreE, paternoE, maternoE, calleE, numeroE, coloniaE, cpE, alcaldiaE, estadoE, nacimiento, tipoSangre, CURP) values ('Porter', 'Laurence', 'Rivenzon', 'Center', '4', 'Novick Terrace', '09521', 'Azcapotzalco', 'CDMX', '1982-08-05', 'A-', 'LARP198285DFUIO14');
insert into Empleado (nombreE, paternoE, maternoE, calleE, numeroE, coloniaE, cpE, alcaldiaE, estadoE, nacimiento, tipoSangre, CURP) values ('Jeanelle', 'Drackford', 'Willwood', 'Beilfuss', '348', 'Crownhardt Park', '2450-305', 'Coyoacan', 'CDMX', '1982-06-04', 'O+', 'DRWJ198264DFAIE6');
insert into Empleado (nombreE, paternoE, maternoE, calleE, numeroE, coloniaE, cpE, alcaldiaE, estadoE, nacimiento, tipoSangre, CURP) values ('Joshia', 'Horsburgh', 'Sposito', 'Onsgard', '676', 'Roxbury Crossing', '386250', 'Tlalpan', 'CDMX', '1984-09-30', 'B+', 'HOSJ1984930DFRPO65');
insert into Empleado (nombreE, paternoE, maternoE, calleE, numeroE, coloniaE, cpE, alcaldiaE, estadoE, nacimiento, tipoSangre, CURP) values ('Lenka', 'Oury', 'Olphert', 'Ridge Oak', '0377', 'Independence Road', '66-627', 'Tlalpan', 'CDMX', '1984-03-03', 'A-', 'OUOL198433DFRLE65');
insert into Empleado (nombreE, paternoE, maternoE, calleE, numeroE, coloniaE, cpE, alcaldiaE, estadoE, nacimiento, tipoSangre, CURP) values ('Shoshana', 'Dalley', 'Durno', 'Gale', '93', 'Bobwhite Place', '45404 CEDEX', 'Cuajimalpa', 'CDMX', '1983-01-12', 'OrH-', 'DADS1983112DFLUH7');
insert into Empleado (nombreE, paternoE, maternoE, calleE, numeroE, coloniaE, cpE, alcaldiaE, estadoE, nacimiento, tipoSangre, CURP) values ('Heddi', 'Hulse', 'Latus', 'Manufacturers', '1681', 'Everett Road', '34-483', 'Tlahuac', 'CDMX', '1983-07-11', 'O-', 'HULH1983711DFLAE76');
insert into Empleado (nombreE, paternoE, maternoE, calleE, numeroE, coloniaE, cpE, alcaldiaE, estadoE, nacimiento, tipoSangre, CURP) values ('Dulciana', 'Chapelhow', 'Jewar', 'Montana', '86080', 'New Castle Place', '3318', 'Gustavo A. Madero', 'CDMX', '1984-08-16', 'B-', 'CHJD1984816DFAEU4');
insert into Empleado (nombreE, paternoE, maternoE, calleE, numeroE, coloniaE, cpE, alcaldiaE, estadoE, nacimiento, tipoSangre, CURP) values ('Thorin', 'Czajka', 'Dodd', 'Jenifer', '0', 'Burrows Point', '771 50', 'Tlalpan', 'CDMX', '1983-01-29', 'A-', 'CZDT1983129DFAOH35');
GO
--Insercion de Repartidor
insert into Repartidor (licencia) values ('Si');
insert into Repartidor (licencia) values ('Si');
GO
--Insercion de laborar_como
insert into laborar_como (CURP, idRepartidor) values ('CHJD1984816DFAEU4', '1');
insert into laborar_como (CURP, idRepartidor) values ('CZDT1983129DFAOH35', '2');
GO
--Insercion de Transporte
insert into Transporte (idRepartidor, esMotocicleta, esBicicleta) values ('1', 'Si', 'No');
insert into Transporte (idRepartidor, esMotocicleta, esBicicleta) values ('2', 'No', 'Si');
GO
-- Insercion de Taquería
insert into Taqueria (RFC, nombre) values ('TM191104CDMXBD05', 'TaqueroMucho SA de CV');
GO
--Insercion de Rol
insert into Rol (CURP, RFC, fechaInicio, fechaFin, numHoras, esTaquero, esParrillero, esCajero, esTortillero, esMesero) values ('LIRJ1982429DFM46', 'TM191104CDMXBD05', '2019-11-04', '2026-10-15', 8, 'No', 'No', 'No', 'No', 'Si');
insert into Rol (CURP, RFC, fechaInicio, fechaFin, numHoras, esTaquero, esParrillero, esCajero, esTortillero, esMesero) values ('SPHH1983914DFAOE97', 'TM191104CDMXBD05', '2019-11-10', '2026-07-01', 6, 'No', 'No', 'No', 'No', 'Si');
insert into Rol (CURP, RFC, fechaInicio, fechaFin, numHoras, esTaquero, esParrillero, esCajero, esTortillero, esMesero) values ('MEMJ1982623DFRIU89', 'TM191104CDMXBD05', '2019-10-11', '2026-05-12', 4, 'No', 'No', 'No', 'No', 'Si');
insert into Rol (CURP, RFC, fechaInicio, fechaFin, numHoras, esTaquero, esParrillero, esCajero, esTortillero, esMesero) values ('DGB1983419DFOWE90', 'TM191104CDMXBD05', '2019-11-05', '2026-01-30', 4, 'No', 'No', 'No', 'No', 'Si');
insert into Rol (CURP, RFC, fechaInicio, fechaFin, numHoras, esTaquero, esParrillero, esCajero, esTortillero, esMesero) values ('PABM1983128DFRRI45', 'TM191104CDMXBD05', '2019-11-13', '2026-12-21', 6, 'No', 'No', 'No', 'No', 'Si');
insert into Rol (CURP, RFC, fechaInicio, fechaFin, numHoras, esTaquero, esParrillero, esCajero, esTortillero, esMesero) values ('CZHM198467DFAEA67', 'TM191104CDMXBD05', '2019-11-01', '2026-04-28', 8, 'No', 'No', 'No', 'No', 'Si');
insert into Rol (CURP, RFC, fechaInicio, fechaFin, numHoras, esTaquero, esParrillero, esCajero, esTortillero, esMesero) values ('TULA1982511DFRAD63', 'TM191104CDMXBD05', '2019-11-18', '2026-06-17', 8, 'No', 'No', 'No', 'No', 'Si');
insert into Rol (CURP, RFC, fechaInicio, fechaFin, numHoras, esTaquero, esParrillero, esCajero, esTortillero, esMesero) values ('GRHE198319DFIAD73', 'TM191104CDMXBD05', '2019-11-24', '2026-05-15', 4, 'No', 'No', 'No', 'No', 'Si');
insert into Rol (CURP, RFC, fechaInicio, fechaFin, numHoras, esTaquero, esParrillero, esCajero, esTortillero, esMesero) values ('ALSC1983129DFEAH44', 'TM191104CDMXBD05', '2019-11-29', '2026-08-02', 6, 'No', 'No', 'No', 'No', 'Si');
insert into Rol (CURP, RFC, fechaInicio, fechaFin, numHoras, esTaquero, esParrillero, esCajero, esTortillero, esMesero) values ('BONT19821021DFTAH6', 'TM191104CDMXBD05', '2019-11-15', '2026-11-04', 6, 'No', 'No', 'No', 'No', 'Si');
insert into Rol (CURP, RFC, fechaInicio, fechaFin, numHoras, esTaquero, esParrillero, esCajero, esTortillero, esMesero) values ('TEDS1984411DFBRT6', 'TM191104CDMXBD05', '2019-11-02', '2026-12-26', 8, 'Si', 'No', 'No', 'No', 'No');
insert into Rol (CURP, RFC, fechaInicio, fechaFin, numHoras, esTaquero, esParrillero, esCajero, esTortillero, esMesero) values ('HABC1982626DFLLO95', 'TM191104CDMXBD05', '2019-11-05', '2026-03-15', 8, 'Si', 'No', 'No', 'No', 'No');
insert into Rol (CURP, RFC, fechaInicio, fechaFin, numHoras, esTaquero, esParrillero, esCajero, esTortillero, esMesero) values ('IDMI1984316DFDCR81', 'TM191104CDMXBD05', '2019-11-09', '2026-07-02', 8, 'Si', 'No', 'No', 'No', 'No');
insert into Rol (CURP, RFC, fechaInicio, fechaFin, numHoras, esTaquero, esParrillero, esCajero, esTortillero, esMesero) values ('DUFL198319DFNAA23', 'TM191104CDMXBD05', '2019-11-16', '2026-11-05', 8, 'Si', 'No', 'No', 'No', 'No');
insert into Rol (CURP, RFC, fechaInicio, fechaFin, numHoras, esTaquero, esParrillero, esCajero, esTortillero, esMesero) values ('PEBA1982513DFLRN17', 'TM191104CDMXBD05', '2019-11-05', '2026-10-02', 6, 'No', 'Si', 'No', 'No', 'No');
insert into Rol (CURP, RFC, fechaInicio, fechaFin, numHoras, esTaquero, esParrillero, esCajero, esTortillero, esMesero) values ('YETR1982106DFRWO2', 'TM191104CDMXBD05', '2019-11-02', '2026-09-18', 8, 'No', 'Si', 'No', 'No', 'No');
insert into Rol (CURP, RFC, fechaInicio, fechaFin, numHoras, esTaquero, esParrillero, esCajero, esTortillero, esMesero) values ('LEPL1983910DFEOE37', 'TM191104CDMXBD05', '2019-11-30', '2026-04-19', 8, 'No', 'Si', 'No', 'No', 'No');
insert into Rol (CURP, RFC, fechaInicio, fechaFin, numHoras, esTaquero, esParrillero, esCajero, esTortillero, esMesero) values ('LARP198285DFUIO14', 'TM191104CDMXBD05', '2019-11-25', '2026-03-22', 4, 'No', 'Si', 'No', 'No', 'No');
insert into Rol (CURP, RFC, fechaInicio, fechaFin, numHoras, esTaquero, esParrillero, esCajero, esTortillero, esMesero) values ('DRWJ198264DFAIE6', 'TM191104CDMXBD05', '2019-11-23', '2026-09-30', 8, 'No', 'No', 'Si', 'No', 'No');
insert into Rol (CURP, RFC, fechaInicio, fechaFin, numHoras, esTaquero, esParrillero, esCajero, esTortillero, esMesero) values ('HOSJ1984930DFRPO65', 'TM191104CDMXBD05', '2019-11-04', '2026-04-12', 8, 'No', 'No', 'Si', 'No', 'No');
insert into Rol (CURP, RFC, fechaInicio, fechaFin, numHoras, esTaquero, esParrillero, esCajero, esTortillero, esMesero) values ('OUOL198433DFRLE65', 'TM191104CDMXBD05', '2019-11-09', '2026-02-07', 8, 'No', 'No', 'No', 'Si', 'No');
insert into Rol (CURP, RFC, fechaInicio, fechaFin, numHoras, esTaquero, esParrillero, esCajero, esTortillero, esMesero) values ('DADS1983112DFLUH7', 'TM191104CDMXBD05', '2019-11-03', '2026-01-23', 8, 'No', 'No', 'No', 'Si', 'No');
insert into Rol (CURP, RFC, fechaInicio, fechaFin, numHoras, esTaquero, esParrillero, esCajero, esTortillero, esMesero) values ('HULH1983711DFLAE76', 'TM191104CDMXBD05', '2019-11-04', '2026-10-11', 8, 'No', 'No', 'No', 'Si', 'No');
GO
--Insercion de Pago
insert into Pago (esEfectivo, esTarjeta, monto) values ('Si', 'No', 163.13);
insert into Pago (esEfectivo, esTarjeta, monto) values ('Si', 'No', 116.78);
insert into Pago (esEfectivo, esTarjeta, monto) values ('Si', 'Si', 103.33);
insert into Pago (esEfectivo, esTarjeta, monto) values ('Si', 'Si', 179.24);
insert into Pago (esEfectivo, esTarjeta, monto) values ('Si', 'No', 72.18);
insert into Pago (esEfectivo, esTarjeta, monto) values ('No', 'Si', 171.56);
insert into Pago (esEfectivo, esTarjeta, monto) values ('No', 'Si', 147.99);
insert into Pago (esEfectivo, esTarjeta, monto) values ('Si', 'Si', 163.24);
insert into Pago (esEfectivo, esTarjeta, monto) values ('Si', 'No', 68.75);
insert into Pago (esEfectivo, esTarjeta, monto) values ('Si', 'No', 180.55);
insert into Pago (esEfectivo, esTarjeta, monto) values ('Si', 'Si', 199.85);
insert into Pago (esEfectivo, esTarjeta, monto) values ('Si', 'No', 147.06);
insert into Pago (esEfectivo, esTarjeta, monto) values ('No', 'Si', 93.70);
insert into Pago (esEfectivo, esTarjeta, monto) values ('Si', 'Si', 72.65);
insert into Pago (esEfectivo, esTarjeta, monto) values ('Si', 'No', 59.78);
insert into Pago (esEfectivo, esTarjeta, monto) values ('Si', 'Si', 87.60);
insert into Pago (esEfectivo, esTarjeta, monto) values ('Si', 'Si', 61.00);
insert into Pago (esEfectivo, esTarjeta, monto) values ('No', 'Si', 128.13);
insert into Pago (esEfectivo, esTarjeta, monto) values ('No', 'Si', 63.18);
insert into Pago (esEfectivo, esTarjeta, monto) values ('Si', 'No', 196.15);
insert into Pago (esEfectivo, esTarjeta, monto) values ('Si', 'No', 165.74);
insert into Pago (esEfectivo, esTarjeta, monto) values ('No', 'Si', 110.62);
insert into Pago (esEfectivo, esTarjeta, monto) values ('Si', 'No', 188.07);
insert into Pago (esEfectivo, esTarjeta, monto) values ('Si', 'Si', 162.06);
insert into Pago (esEfectivo, esTarjeta, monto) values ('Si', 'No', 134.00);
insert into Pago (esEfectivo, esTarjeta, monto) values ('Si', 'No', 198.56);
insert into Pago (esEfectivo, esTarjeta, monto) values ('Si', 'Si', 129.02);
insert into Pago (esEfectivo, esTarjeta, monto) values ('Si', 'No', 110.91);
insert into Pago (esEfectivo, esTarjeta, monto) values ('No', 'No', 184.97);
insert into Pago (esEfectivo, esTarjeta, monto) values ('Si', 'Si', 162.70);
insert into Pago (esEfectivo, esTarjeta, monto) values ('No', 'Si', 90.03);
insert into Pago (esEfectivo, esTarjeta, monto) values ('Si', 'No', 162.38);
insert into Pago (esEfectivo, esTarjeta, monto) values ('Si', 'Si', 113.45);
insert into Pago (esEfectivo, esTarjeta, monto) values ('Si', 'Si', 73.09);
insert into Pago (esEfectivo, esTarjeta, monto) values ('Si', 'No', 93.58);
insert into Pago (esEfectivo, esTarjeta, monto) values ('Si', 'No', 135.07);
insert into Pago (esEfectivo, esTarjeta, monto) values ('Si', 'Si', 166.85);
insert into Pago (esEfectivo, esTarjeta, monto) values ('Si', 'Si', 84.18);
insert into Pago (esEfectivo, esTarjeta, monto) values ('No', 'Si', 54.01);
insert into Pago (esEfectivo, esTarjeta, monto) values ('No', 'Si', 184.03);
insert into Pago (esEfectivo, esTarjeta, monto) values ('Si', 'Si', 70.38);
insert into Pago (esEfectivo, esTarjeta, monto) values ('Si', 'Si', 194.75);
insert into Pago (esEfectivo, esTarjeta, monto) values ('No', 'Si', 167.22);
insert into Pago (esEfectivo, esTarjeta, monto) values ('Si', 'No', 170.55);
insert into Pago (esEfectivo, esTarjeta, monto) values ('Si', 'Si', 128.60);
GO
--Insercion de Cliente
insert into Cliente (nombreC, paternoC, maternoC, esTaqueroC, puntos, idPago) values ('Hercules', 'Petroulis', 'Shortcliffe', 'No', 0, 1);
insert into Cliente (nombreC, paternoC, maternoC, esTaqueroC, puntos, idPago) values ('Nicolette', 'Glave', 'Kilford', 'No', 0, 2);
insert into Cliente (nombreC, paternoC, maternoC, esTaqueroC, puntos, idPago) values ('Christyna', 'Haughan', 'Bastard', 'Si', 10, 3);
insert into Cliente (nombreC, paternoC, maternoC, esTaqueroC, puntos, idPago) values ('Prue', 'Gridley', 'Doret', 'No', 0, 4);
insert into Cliente (nombreC, paternoC, maternoC, esTaqueroC, puntos, idPago) values ('Merill', 'Shepherdson', 'Benkin', 'Si', 25, 5);
insert into Cliente (nombreC, paternoC, maternoC, esTaqueroC, puntos, idPago) values ('Heinrik', 'Ruller', 'Lippingwell', 'Si', 12, 6);
insert into Cliente (nombreC, paternoC, maternoC, esTaqueroC, puntos, idPago) values ('Caty', 'Ewebank', 'Cassells', 'No', 0, 7);
insert into Cliente (nombreC, paternoC, maternoC, esTaqueroC, puntos, idPago) values ('Dagny', 'Karlolak', 'Huckerby', 'No', 0, 8);
insert into Cliente (nombreC, paternoC, maternoC, esTaqueroC, puntos, idPago) values ('Ingmar', 'Acedo', 'Josifovitz', 'Si', 20, 9);
insert into Cliente (nombreC, paternoC, maternoC, esTaqueroC, puntos, idPago) values ('Mic', 'Olexa', 'Scud', 'Si', 20, 10);
insert into Cliente (nombreC, paternoC, maternoC, esTaqueroC, puntos, idPago) values ('Mart', 'Gregoretti', 'Fussell', 'No', 0, 11);
insert into Cliente (nombreC, paternoC, maternoC, esTaqueroC, puntos, idPago) values ('Kelsy', 'Seniour', 'Kobieriecki', 'No', 0, 12);
insert into Cliente (nombreC, paternoC, maternoC, esTaqueroC, puntos, idPago) values ('Witty', 'Marrion', 'Truluck', 'Si', 35, 13);
insert into Cliente (nombreC, paternoC, maternoC, esTaqueroC, puntos, idPago) values ('Andie', 'Fairbard', 'Akhurst', 'Si', 21, 14);
insert into Cliente (nombreC, paternoC, maternoC, esTaqueroC, puntos, idPago) values ('Desmond', 'Elfitt', 'Mitford', 'No', 0, 15);
insert into Cliente (nombreC, paternoC, maternoC, esTaqueroC, puntos, idPago) values ('Sybila', 'Pallent', 'Mussett', 'Si', 9, 16);
insert into Cliente (nombreC, paternoC, maternoC, esTaqueroC, puntos, idPago) values ('Price', 'Worsley', 'Mottershead', 'No', 0, 17);
insert into Cliente (nombreC, paternoC, maternoC, esTaqueroC, puntos, idPago) values ('Tudor', 'Niesegen', 'Stubbert', 'Si', 18, 18);
insert into Cliente (nombreC, paternoC, maternoC, esTaqueroC, puntos, idPago) values ('Tyler', 'D''Almeida', 'Throssell', 'Si', 23, 19);
insert into Cliente (nombreC, paternoC, maternoC, esTaqueroC, puntos, idPago) values ('Barnebas', 'Mawer', 'Sicha', 'No', 0, 20);
insert into Cliente (nombreC, paternoC, maternoC, esTaqueroC, puntos, idPago) values ('Kingsly', 'Lovering', 'Nardi', 'Si', 23, 21);
insert into Cliente (nombreC, paternoC, maternoC, esTaqueroC, puntos, idPago) values ('Laurens', 'Poulgreen', 'Sheerin', 'No', 0, 22);
insert into Cliente (nombreC, paternoC, maternoC, esTaqueroC, puntos, idPago) values ('Marylee', 'Semon', 'Lappine', 'Si', 17, 23);
insert into Cliente (nombreC, paternoC, maternoC, esTaqueroC, puntos, idPago) values ('Lotte', 'Gregoletti', 'Strangeway', 'Si', 34, 24);
insert into Cliente (nombreC, paternoC, maternoC, esTaqueroC, puntos, idPago) values ('Nichol', 'Jowsey', 'Smolan', 'No', 0, 25);
insert into Cliente (nombreC, paternoC, maternoC, esTaqueroC, puntos, idPago) values ('Stanley', 'Aitchinson', 'Cridland', 'Si', 5, 26);
insert into Cliente (nombreC, paternoC, maternoC, esTaqueroC, puntos, idPago) values ('Juieta', 'Beaglehole', 'Garwell', 'Si', 33, 27);
insert into Cliente (nombreC, paternoC, maternoC, esTaqueroC, puntos, idPago) values ('Cristobal', 'Mattiazzo', 'Folley', 'No', 0, 28);
insert into Cliente (nombreC, paternoC, maternoC, esTaqueroC, puntos, idPago) values ('Cordy', 'Gouldstone', 'Scotchmoor', 'No', 0, 29);
insert into Cliente (nombreC, paternoC, maternoC, esTaqueroC, puntos, idPago) values ('Francisco', 'O''Tuohy', 'Paprotny', 'No', 0, 30);
insert into Cliente (nombreC, paternoC, maternoC, esTaqueroC, puntos, idPago) values ('Traci', 'Joynes', 'Baldini', 'Si', 13, 31);
insert into Cliente (nombreC, paternoC, maternoC, esTaqueroC, puntos, idPago) values ('Kora', 'Lawrenceson', 'Lude', 'No', 0, 32);
insert into Cliente (nombreC, paternoC, maternoC, esTaqueroC, puntos, idPago) values ('Daffy', 'Guisot', 'Listone', 'No', 0, 33);
insert into Cliente (nombreC, paternoC, maternoC, esTaqueroC, puntos, idPago) values ('Skyler', 'Chasen', 'Jessett', 'No', 0, 34);
insert into Cliente (nombreC, paternoC, maternoC, esTaqueroC, puntos, idPago) values ('Callean', 'Gilligan', 'Ksandra', 'No', 0, 35);
insert into Cliente (nombreC, paternoC, maternoC, esTaqueroC, puntos, idPago) values ('Leonora', 'Bagenal', 'Seabon', 'Si', 31, 36);
insert into Cliente (nombreC, paternoC, maternoC, esTaqueroC, puntos, idPago) values ('Laverne', 'Gino', 'Staining', 'No', 0, 37);
insert into Cliente (nombreC, paternoC, maternoC, esTaqueroC, puntos, idPago) values ('Donnell', 'Cuel', 'Josskoviz', 'No', 0, 38);
insert into Cliente (nombreC, paternoC, maternoC, esTaqueroC, puntos, idPago) values ('Mehetabel', 'Guillotin', 'Tayt', 'Si', 27, 39);
insert into Cliente (nombreC, paternoC, maternoC, esTaqueroC, puntos, idPago) values ('Marijn', 'Streetley', 'Hulance', 'No', 0, 40);
insert into Cliente (nombreC, paternoC, maternoC, esTaqueroC, puntos, idPago) values ('Claudianus', 'Lattka', 'Duxbarry', 'Si', 26, 41);
insert into Cliente (nombreC, paternoC, maternoC, esTaqueroC, puntos, idPago) values ('Alric', 'Hartle', 'Dalliwater', 'Si', 11, 42);
insert into Cliente (nombreC, paternoC, maternoC, esTaqueroC, puntos, idPago) values ('Norbie', 'Bricksey', 'Wainman', 'Si', 13, 43);
insert into Cliente (nombreC, paternoC, maternoC, esTaqueroC, puntos, idPago) values ('Staford', 'Baseley', 'Schust', 'No', 0, 44);
insert into Cliente (nombreC, paternoC, maternoC, esTaqueroC, puntos, idPago) values ('Pepillo', 'Welden', 'Millimoe', 'Si', 22, 45);
GO
--Insercion de Ticket
insert into Ticket (folio, RFC, idPago, fecha) values ('4HGYTHNGDTEYUN3', 'TM191104CDMXBD05', 11, '2019-11-11');
insert into Ticket (folio, RFC, idPago, fecha) values ('6BHGDTERYUNSGH4', 'TM191104CDMXBD05', 12, '2019-11-21');
insert into Ticket (folio, RFC, idPago, fecha) values ('8MNJHSYETGBDHC7', 'TM191104CDMXBD05', 13, '2019-11-14');
insert into Ticket (folio, RFC, idPago, fecha) values ('9KJNHGYEYBVSGD5', 'TM191104CDMXBD05', 14, '2019-11-04');
insert into Ticket (folio, RFC, idPago, fecha) values ('4NCHYEIPLKSURO2', 'TM191104CDMXBD05', 15, '2019-11-02');
insert into Ticket (folio, RFC, idPago, fecha) values ('1MCHRYTIAPNBET6', 'TM191104CDMXBD05', 16, '2019-12-11');
insert into Ticket (folio, RFC, idPago, fecha) values ('3JNMCHDTEYHNBD6', 'TM191104CDMXBD05', 17, '2019-12-07');
insert into Ticket (folio, RFC, idPago, fecha) values ('4BHDTEGAVXNIUY7', 'TM191104CDMXBD05', 18, '2019-12-04');
insert into Ticket (folio, RFC, idPago, fecha) values ('6NJHFYRGABSJTH9', 'TM191104CDMXBD05', 19, '2019-11-10');
insert into Ticket (folio, RFC, idPago, fecha) values ('1HFYRHAGBTOPLÑ0', 'TM191104CDMXBD05', 20, '2019-12-04');
insert into Ticket (folio, RFC, idPago, fecha) values ('3NCHAYTIALPORN9', 'TM191104CDMXBD05', 21, '2019-12-02');
insert into Ticket (folio, RFC, idPago, fecha) values ('5BCNAHTUYUENLP7', 'TM191104CDMXBD05', 22, '2019-12-08');
insert into Ticket (folio, RFC, idPago, fecha) values ('3NCHAZXMLLPINE9', 'TM191104CDMXBD05', 23, '2019-12-10');
insert into Ticket (folio, RFC, idPago, fecha) values ('3BAXGDYYTHANNG9', 'TM191104CDMXBD05', 24, '2019-12-14');
insert into Ticket (folio, RFC, idPago, fecha) values ('1ABBETAFFLONHF2', 'TM191104CDMXBD05', 25, '2019-12-21');
insert into Ticket (folio, RFC, idPago, fecha) values ('3DHTBBAGHRURNF6', 'TM191104CDMXBD05', 26, '2019-12-30');
insert into Ticket (folio, RFC, idPago, fecha) values ('3BCBDGFNSJFBDV6', 'TM191104CDMXBD05', 27, '2019-12-28');
insert into Ticket (folio, RFC, idPago, fecha) values ('1NVJSFBBSUDUFD7', 'TM191104CDMXBD05', 28, '2019-11-26');
insert into Ticket (folio, RFC, idPago, fecha) values ('5SCKNVOSJDVBSU7', 'TM191104CDMXBD05', 29, '2019-11-22');
insert into Ticket (folio, RFC, idPago, fecha) values ('7VNVDJFVHFEFEF9', 'TM191104CDMXBD05', 30, '2019-11-20');
insert into Ticket (folio, RFC, idPago, fecha) values ('5SNFKOSFSJFSFS7', 'TM191104CDMXBD05', 31, '2019-11-12');
insert into Ticket (folio, RFC, idPago, fecha) values ('2LPOUYRHNVVSUW3', 'TM191104CDMXBD05', 32, '2019-12-05');
insert into Ticket (folio, RFC, idPago, fecha) values ('4FRDJFBDJOFDOF5', 'TM191104CDMXBD05', 33, '2019-11-06');
insert into Ticket (folio, RFC, idPago, fecha) values ('0PPORYNSHEKNBH0', 'TM191104CDMXBD05', 34, '2019-12-12');
insert into Ticket (folio, RFC, idPago, fecha) values ('1KKJEYRTHSVDFE1', 'TM191104CDMXBD05', 35, '2019-11-23');
GO
--Insercion de Mesa
insert into Mesa (folio, numMesa) values ('1NVJSFBBSUDUFD7', 1);
insert into Mesa (folio, numMesa) values ('1NVJSFBBSUDUFD7', 1);
insert into Mesa (folio, numMesa) values ('1NVJSFBBSUDUFD7', 1);
insert into Mesa (folio, numMesa) values ('1NVJSFBBSUDUFD7', 1);
insert into Mesa (folio, numMesa) values ('5SCKNVOSJDVBSU7', 3);
insert into Mesa (folio, numMesa) values ('5SCKNVOSJDVBSU7', 3);
insert into Mesa (folio, numMesa) values ('7VNVDJFVHFEFEF9', 7);
insert into Mesa (folio, numMesa) values ('7VNVDJFVHFEFEF9', 7);
insert into Mesa (folio, numMesa) values ('7VNVDJFVHFEFEF9  ', 7);
insert into Mesa (folio, numMesa) values ('5SNFKOSFSJFSFS7', 11);
insert into Mesa (folio, numMesa) values ('5SNFKOSFSJFSFS7', 11);
insert into Mesa (folio, numMesa) values ('5SNFKOSFSJFSFS7', 11);
insert into Mesa (folio, numMesa) values ('5SNFKOSFSJFSFS7', 11);
insert into Mesa (folio, numMesa) values ('2LPOUYRHNVVSUW3', 15);
insert into Mesa (folio, numMesa) values ('2LPOUYRHNVVSUW3', 15);
insert into Mesa (folio, numMesa) values ('4FRDJFBDJOFDOF5', 8);
insert into Mesa (folio, numMesa) values ('4FRDJFBDJOFDOF5', 8);
insert into Mesa (folio, numMesa) values ('4FRDJFBDJOFDOF5', 8);
insert into Mesa (folio, numMesa) values ('4FRDJFBDJOFDOF5', 8);
insert into Mesa (folio, numMesa) values ('4FRDJFBDJOFDOF5', 8);
insert into Mesa (folio, numMesa) values ('0PPORYNSHEKNBH0', 6);
insert into Mesa (folio, numMesa) values ('0PPORYNSHEKNBH0', 6);
insert into Mesa (folio, numMesa) values ('0PPORYNSHEKNBH0', 6);
insert into Mesa (folio, numMesa) values ('1KKJEYRTHSVDFE1', 9);
insert into Mesa (folio, numMesa) values ('1KKJEYRTHSVDFE1', 9);
insert into Mesa (folio, numMesa) values ('1KKJEYRTHSVDFE1', 9);
insert into Mesa (folio, numMesa) values ('1KKJEYRTHSVDFE1', 9);
insert into Mesa (folio, numMesa) values ('1KKJEYRTHSVDFE1', 9);
GO
--Insercion de Comensal
insert into Comensal (folio) values ('4HGYTHNGDTEYUN3');
insert into Comensal (folio) values ('6BHGDTERYUNSGH4');
insert into Comensal (folio) values ('8MNJHSYETGBDHC7');
insert into Comensal (folio) values ('9KJNHGYEYBVSGD5');
insert into Comensal (folio) values ('4NCHYEIPLKSURO2');
insert into Comensal (folio) values ('1MCHRYTIAPNBET6');
insert into Comensal (folio) values ('3JNMCHDTEYHNBD6');
insert into Comensal (folio) values ('4BHDTEGAVXNIUY7');
insert into Comensal (folio) values ('6NJHFYRGABSJTH9');
insert into Comensal (folio) values ('1HFYRHAGBTOPLÑ0');
insert into Comensal (folio) values ('3NCHAYTIALPORN9');
insert into Comensal (folio) values ('5BCNAHTUYUENLP7');
insert into Comensal (folio) values ('3NCHAZXMLLPINE9');
insert into Comensal (folio) values ('3BAXGDYYTHANNG9');
insert into Comensal (folio) values ('1ABBETAFFLONHF2');
insert into Comensal (folio) values ('3DHTBBAGHRURNF6');
insert into Comensal (folio) values ('3BCBDGFNSJFBDV6');
GO
--Insercion de Menu
insert into Menu (RFC) values ('TM191104CDMXBD05')
GO
--Insercion de Ingrediente
insert into Ingrediente (nombreI, idMenu, cantidadI) values ('cebolla', 1 ,'10 kg' );
insert into Ingrediente (nombreI, idMenu, cantidadI) values ('cilantro', 1 ,'5kg' );
insert into Ingrediente (nombreI, idMenu, cantidadI) values ('tortilla', 1 ,'30kg' );
insert into Ingrediente (nombreI, idMenu, cantidadI) values ('tortilla harina', 1 ,'20kg' );
insert into Ingrediente (nombreI, idMenu, cantidadI) values ('pastor', 1 ,'50kg' );
insert into Ingrediente (nombreI, idMenu, cantidadI) values ('longaniza', 1 ,'50kg' );
insert into Ingrediente (nombreI, idMenu, cantidadI) values ('suadero', 1 ,'50kg' );
insert into Ingrediente (nombreI, idMenu, cantidadI) values ('pollo', 1 ,'50kg' );
insert into Ingrediente (nombreI, idMenu, cantidadI) values ('bistec', 1 ,'50kg' );
insert into Ingrediente (nombreI, idMenu, cantidadI) values ('papa', 1 ,'30kg' );
insert into Ingrediente (nombreI, idMenu, cantidadI) values ('nopal', 1 ,'30kg' );
insert into Ingrediente (nombreI, idMenu, cantidadI) values ('limon', 1 ,'10kg' );
insert into Ingrediente (nombreI, idMenu, cantidadI) values ('chile', 1 ,'10kg' );
insert into Ingrediente (nombreI, idMenu, cantidadI) values ('pimiento', 1 ,'10kg' );
insert into Ingrediente (nombreI, idMenu, cantidadI) values ('queso', 1 ,'50kg' );
insert into Ingrediente (nombreI, idMenu, cantidadI) values ('bolillo', 1 ,'50pz' );
insert into Ingrediente (nombreI, idMenu, cantidadI) values ('frijol', 1 ,'20kg' );
insert into Ingrediente (nombreI, idMenu, cantidadI) values ('aguacate', 1 ,'30kg' );
insert into Ingrediente (nombreI, idMenu, cantidadI) values ('mayonesa', 1 ,'20lt' );
insert into Ingrediente (nombreI, idMenu, cantidadI) values ('arroz', 1 ,'20kg' );
insert into Ingrediente (nombreI, idMenu, cantidadI) values ('garbanzo', 1 ,'20kg' );
insert into Ingrediente (nombreI, idMenu, cantidadI) values ('chicharron', 1 ,'5kg' );
insert into Ingrediente (nombreI, idMenu, cantidadI) values ('crema', 1 ,'20lt' );
insert into Ingrediente (nombreI, idMenu, cantidadI) values ('carne borrego', 1 ,'30kg' );
insert into Ingrediente (nombreI, idMenu, cantidadI) values ('maiz', 1 ,'30kg' );
insert into Ingrediente (nombreI, idMenu, cantidadI) values ('carne cerdo', 1 ,'30kg' );
insert into Ingrediente (nombreI, idMenu, cantidadI) values ('oregano', 1 ,'4kg' );
insert into Ingrediente (nombreI, idMenu, cantidadI) values ('piquin', 1 ,'4kg' );
insert into Ingrediente (nombreI, idMenu, cantidadI) values ('tocino', 1 ,'25kg' );
insert into Ingrediente (nombreI, idMenu, cantidadI) values ('tamarindo', 1 ,'6kg' );
insert into Ingrediente (nombreI, idMenu, cantidadI) values ('jamaica', 1 ,'6kg' );
insert into Ingrediente (nombreI, idMenu, cantidadI) values ('leche', 1 ,'15lt' );
insert into Ingrediente (nombreI, idMenu, cantidadI) values ('cafe', 1 ,'20kg' );
insert into Ingrediente (nombreI, idMenu, cantidadI) values ('piloncillo', 1 ,'15kg' );
GO
--Insercion de Inventario
insert into Inventario (cantidad, fechaCompra, precioCompra) VALUES ('1500kg', '2019-10-19', 200000.00);
GO
--Insercion de Proveedor
insert into Proveedor (RFCp, nombreP) values ('BC901019CDMXH03', 'Buenas Carnes SA de CV');
insert into Proveedor (RFCp, nombreP) values ('LV981126TBH01', 'Las Verdades SA de CV');
insert into Proveedor (RFCp, nombreP) values ('EM990329CDMXH07', 'El Miscelaneo SA de CV');
insert into Proveedor (RFCp, nombreP) values ('EM991029CDMXH04', 'El Mesero SA de CV');
insert into Proveedor (RFCp, nombreP) values ('ML951225VCZH04', 'Mi Lechita SA de CV');
insert into Proveedor (RFCp, nombreP) values ('EC941204PBH003', 'EnCubierto SA de CV');
insert into Proveedor (RFCp, nombreP) values ('DDI900817TLXF9', 'Decorator Desing Inc')
GO
--Insercion de Producto
insert into Producto (idInventario, RFCp, tipo, marca, fechaCaducidad, precio) values (1, 'BC901019CDMXH03', 'Carnes', 'Chocobo', '2020-02-01', 3000);
insert into Producto (idInventario, RFCp, tipo, marca, fechaCaducidad, precio) values (1, 'LV981126TBH01', 'Verduras', 'Bernulli', '2020-01-03', 2500);
insert into Producto (idInventario, RFCp, tipo, marca, fechaCaducidad, precio) values (1, 'EM990329CDMXH07', 'Semillas', 'Semitas', '2020-03-01', 1000);
insert into Producto (idInventario, RFCp, tipo, marca, fechaCaducidad, precio) values (1, 'EM990329CDMXH07', 'Granos', 'Semitas', '2020-03-01', 1000);
insert into Producto (idInventario, RFCp, tipo, marca, fechaCaducidad, precio) values (1, 'EM990329CDMXH07', 'Harinas', 'Semitas', '2020-03-01', 1000);
insert into Producto (idInventario, RFCp, tipo, marca, fechaCaducidad, precio) values (1, 'ML951225VCZH04', 'Lacteos', 'Lichis', '2020-03-01', 1000);
insert into Producto (idInventario, RFCp, tipo, marca, fechaCaducidad, precio) values (1, 'EM991029CDMXH04', 'Sillas', 'Troncoso', '2040-01-01', 500);
insert into Producto (idInventario, RFCp, tipo, marca, fechaCaducidad, precio) values (1, 'EM991029CDMXH04', 'Mesas', 'Troncoso', '2040-01-01', 600);
insert into Producto (idInventario, RFCp, tipo, marca, fechaCaducidad, precio) values (1, 'EC941204PBH003', 'Cubiertos', 'Cubic', '2040-01-01', 150);
insert into Producto (idInventario, RFCp, tipo, marca, fechaCaducidad, precio) values (1, 'DDI900817TLXF9', 'Cocina', 'LG', '2040-01-01', 2000);
insert into Producto (idInventario, RFCp, tipo, marca, fechaCaducidad, precio) values (1, 'DDI900817TLXF9', 'Decoracion', 'PL', '2040-01-01', 100);
GO
--Insercion de ser
insert into ser (nombreI, idProducto) values ('suadero', 2);
insert into ser (nombreI, idProducto) values ('pollo', 2);
insert into ser (nombreI, idProducto) values ('bistec', 2);
insert into ser (nombreI, idProducto) values ('pastor', 2);
insert into ser (nombreI, idProducto) values ('longaniza', 2);
insert into ser (nombreI, idProducto) values ('carne cerdo', 2);
insert into ser (nombreI, idProducto) values ('carne borrego', 2);
insert into ser (nombreI, idProducto) values ('tocino', 2);
insert into ser (nombreI, idProducto) values ('chicharron', 2);
insert into ser (nombreI, idProducto) values ('cilantro', 3);
insert into ser (nombreI, idProducto) values ('oregano', 3);
insert into ser (nombreI, idProducto) values ('chile', 3);
insert into ser (nombreI, idProducto) values ('cebolla', 3);
insert into ser (nombreI, idProducto) values ('papa', 3);
insert into ser (nombreI, idProducto) values ('pimiento', 3);
insert into ser (nombreI, idProducto) values ('aguacate', 3);
insert into ser (nombreI, idProducto) values ('nopal', 3);
insert into ser (nombreI, idProducto) values ('limon', 3);
insert into ser (nombreI, idProducto) values ('piquin', 4);
insert into ser (nombreI, idProducto) values ('frijol', 4);
insert into ser (nombreI, idProducto) values ('jamaica', 4);
insert into ser (nombreI, idProducto) values ('tamarindo', 4);
insert into ser (nombreI, idProducto) values ('arroz', 5);
insert into ser (nombreI, idProducto) values ('maiz', 5);
insert into ser (nombreI, idProducto) values ('cafe', 5);
insert into ser (nombreI, idProducto) values ('garbanzo', 5);
insert into ser (nombreI, idProducto) values ('crema', 7);
insert into ser (nombreI, idProducto) values ('leche', 7);
insert into ser (nombreI, idProducto) values ('queso', 7);
insert into ser (nombreI, idProducto) values ('mayonesa', 7);
insert into ser (nombreI, idProducto) values ('tortilla', 6);
insert into ser (nombreI, idProducto) values ('tortilla harina', 6);
insert into ser (nombreI, idProducto) values ('bolillo', 6);
insert into ser (nombreI, idProducto) values ('bolillo', 6);
GO
--Insercion de Salsa
insert into Salsa (tipo, nivelPicor, RFC) values ('Baby-Sauce',	1, 'TM191104CDMXBD05');
insert into Salsa (tipo, nivelPicor, RFC) values ('No-Pica',	2, 'TM191104CDMXBD05');
insert into Salsa (tipo, nivelPicor, RFC) values ('Pica-Pco',	3, 'TM191104CDMXBD05');
insert into Salsa (tipo, nivelPicor, RFC) values ('Sí-Pica',	4, 'TM191104CDMXBD05');
insert into Salsa (tipo, nivelPicor, RFC) values ('AHHHH!',	5, 'TM191104CDMXBD05');
GO
-- Insercion para Sucursal
insert into Sucursal (nombreS, telefono, calleS, numeroS, coloniaS, alcaldiaS, cpS, estadoS, RFC) values ('Suc. C.U.', '4543-3452', 'Inv. Cientifica', '3000', 'C.U.', 'Coyoacan', '04510', 'CDMX', 'TM191104CDMXBD05');
GO
