--set identity_insert "Categorias" on
--ALTER TABLE "Categorias" NOCHECK CONSTRAINT ALL;
--set identity_insert "Categorias" off
--ALTER TABLE "Categorias" CHECK CONSTRAINT ALL;

set identity_insert "Empleados" on
ALTER TABLE "Empleados" NOCHECK CONSTRAINT ALL;
insert into Empleados (idEmpleado, apellido, nombre, titulo, tituloDeCortesia, fechaNacimiento, fechaContratacion, direccion, ciudad, region, codigoPostal, pais, telefonoCasa, extension, foto, notas, reportaAEmpleado, pathFoto) values (1, 'Cullivan', 'Idaline', 'Analyst', 'Honorable', '03-05-19', '04-06-19', '7 Sachs Park', 'Charlotte', 'NC', '28284', 'United States', '(704) 2253302', '1540', 'image/x-tiff', 'tristique', 1, 'data:image/png;base64,/');
insert into Empleados (idEmpleado, apellido, nombre, titulo, tituloDeCortesia, fechaNacimiento, fechaContratacion, direccion, ciudad, region, codigoPostal, pais, telefonoCasa, extension, foto, notas, reportaAEmpleado, pathFoto) values (2, 'Duffrie', 'Talya', 'Nurse', 'Honorable', '20190709', '20190607', '1873 2nd Park', 'Glendale', 'CA', '91210', 'United States', '8181', '1972', 'image/png', 'erat', 2, 'data:image/png;base64/');
insert into Empleados (idEmpleado, apellido, nombre, titulo, tituloDeCortesia, fechaNacimiento, fechaContratacion, direccion, ciudad, region, codigoPostal, pais, telefonoCasa, extension, foto, notas, reportaAEmpleado, pathFoto) values (3, 'Ecclesall', 'Elysha', 'Assistant', 'Ms', '20191025', '20190515', '8 Arapahoe Avenue', 'Dayton', 'OH', '45426', 'United States', '(937) 1024528', '1505', 'image/jpeg', 'proin', 3, 'data:image/png;base64,/');
insert into Empleados (idEmpleado, apellido, nombre, titulo, tituloDeCortesia, fechaNacimiento, fechaContratacion, direccion, ciudad, region, codigoPostal, pais, telefonoCasa, extension, foto, notas, reportaAEmpleado, pathFoto) values (4, 'Adiscot', 'Wilie', 'Assistant', 'Mrs', '20181115', '20190110', '21 Main Court', 'Birmingham', 'AL', '35295', 'United States', '(205) 7523990', '1510', 'image/x-tiff', 'duis faucibus', 4, 'data:image/png;base64');
insert into Empleados (idEmpleado, apellido, nombre, titulo, tituloDeCortesia, fechaNacimiento, fechaContratacion, direccion, ciudad, region, codigoPostal, pais, telefonoCasa, extension, foto, notas, reportaAEmpleado, pathFoto) values (5, 'Dillinger', 'Valentine', 'Automation', 'Honorable', '20190529', '20190725', '734 Veith Circle', 'Atlanta', 'GA', '30375', 'United States', '(404) 2835722', '1213', 'image/x-tiff', 'dis', 5, 'data:image/png;base64');
insert into Empleados (idEmpleado, apellido, nombre, titulo, tituloDeCortesia, fechaNacimiento, fechaContratacion, direccion, ciudad, region, codigoPostal, pais, telefonoCasa, extension, foto, notas, reportaAEmpleado, pathFoto) values (6, 'Isaak', 'Tris', 'Administrator ', 'Honorable', '20190603', '20190602', '9823 Melvin Drive', 'Jamaica', 'NY', '11431', 'United States', '(212) 3138856', '1218', 'image/jpeg', 'suspendisse', 6, 'data:image/png;base64/');
insert into Empleados (idEmpleado, apellido, nombre, titulo, tituloDeCortesia, fechaNacimiento, fechaContratacion, direccion, ciudad, region, codigoPostal, pais, telefonoCasa, extension, foto, notas, reportaAEmpleado, pathFoto) values (7, 'Padillo', 'Cameron', 'Physical Therapy Assistant', 'Ms', '20190312', '20190426', '7 Stang Crossing', 'Birmingham', 'AL', '35285', 'United States', '(205) 7524634', '1941', 'image/pjpeg', 'pretium', 7, 'data:image/png;base64/');
insert into Empleados (idEmpleado, apellido, nombre, titulo, tituloDeCortesia, fechaNacimiento, fechaContratacion, direccion, ciudad, region, codigoPostal, pais, telefonoCasa, extension, foto, notas, reportaAEmpleado, pathFoto) values (8, 'Huck', 'Collette', 'Senior Quality Engineer', 'Ms', '20190310', '20191020', '7447 Sloan Parkway', 'Rockville', 'MD', '20851', 'United States', '(240) 3966221', '1402', 'image/x-tiff', 'nec', 8, 'data:image/png;base64/');
insert into Empleados (idEmpleado, apellido, nombre, titulo, tituloDeCortesia, fechaNacimiento, fechaContratacion, direccion, ciudad, region, codigoPostal, pais, telefonoCasa, extension, foto, notas, reportaAEmpleado, pathFoto) values (9, 'Grabert', 'Bowie', 'Project Manager', 'Rev', '20191018', '20181019', '4722 Prairie Rose Lane', 'Des Moines', 'IA', '50369', 'United States', '(515) 3723182', '1832', 'image/tiff', 'consectetuer', 9, 'data:image/png;base64/');
insert into Empleados (idEmpleado, apellido, nombre, titulo, tituloDeCortesia, fechaNacimiento, fechaContratacion, direccion, ciudad, region, codigoPostal, pais, telefonoCasa, extension, foto, notas, reportaAEmpleado, pathFoto) values (10, 'Gieraths', 'Tine', 'Nurse', 'Rev', '20190724', '20190209', '04-10-75 Northridge Circle', 'Roanoke', 'VA', '24040', 'United States', '(540) 3369754', '1626', 'image/tiff', 'in', 10, 'data:image/png;base64/');
insert into Empleados (idEmpleado, apellido, nombre, titulo, tituloDeCortesia, fechaNacimiento, fechaContratacion, direccion, ciudad, region, codigoPostal, pais, telefonoCasa, extension, foto, notas, reportaAEmpleado, pathFoto) values (11, 'Lavell', 'Kennith', 'Paralegal', 'Mrs', '20190228', '20190205', '7421 Prentice Parkway', 'Cumming', 'GA', '30130', 'United States', '(706) 9034573', '1702', 'image/png', 'ante vivamus', 11, 'data:image/png;base64/');
insert into Empleados (idEmpleado, apellido, nombre, titulo, tituloDeCortesia, fechaNacimiento, fechaContratacion, direccion, ciudad, region, codigoPostal, pais, telefonoCasa, extension, foto, notas, reportaAEmpleado, pathFoto) values (12, 'Sheffield', 'Holli', 'Director of Sales', 'Ms', '20181119', '20190812', '7 Eagan Pass', 'Charleston', 'SC', '29403', 'United States', '(843) 4448139', '1715', 'image/png', 'et', 12, 'data:image/png;base64/');
insert into Empleados (idEmpleado, apellido, nombre, titulo, tituloDeCortesia, fechaNacimiento, fechaContratacion, direccion, ciudad, region, codigoPostal, pais, telefonoCasa, extension, foto, notas, reportaAEmpleado, pathFoto) values (13, 'Whitaker', 'Terrance', 'Actuary', 'Mr', '20181119', '20190812', '51 Northfield', 'Richmond', 'VA', '23260', 'United States', '(804) 5848253', '1361', 'image/png', 'nulla ut', 13, 'data:image/png;base64/');
insert into Empleados (idEmpleado, apellido, nombre, titulo, tituloDeCortesia, fechaNacimiento, fechaContratacion, direccion, ciudad, region, codigoPostal, pais, telefonoCasa, extension, foto, notas, reportaAEmpleado, pathFoto) values (14, 'Kelberer', 'Meggie', 'Environmental Specialist', 'Ms', '20181119', '20190812', 'Judy Crossing', 'Tuscaloosa', 'AL', '35487', 'United States', '(205) 2399196', '1915', 'image/tiff', 'curabitur', 14, 'data:image/png;base64/');
insert into Empleados (idEmpleado, apellido, nombre, titulo, tituloDeCortesia, fechaNacimiento, fechaContratacion, direccion, ciudad, region, codigoPostal, pais, telefonoCasa, extension, foto, notas, reportaAEmpleado, pathFoto) values (15, 'Wollard', 'Caesar', 'Civil Engineer', 'Rev', '20181119', '20190812', '786 Carpenter', 'Raleigh', 'NC', '27610', 'United States', '(919) 6894335', '1616', 'image/pjpeg', 'ut', 15, 'data:image/png;base64/');
insert into Empleados (idEmpleado, apellido, nombre, titulo, tituloDeCortesia, fechaNacimiento, fechaContratacion, direccion, ciudad, region, codigoPostal, pais, telefonoCasa, extension, foto, notas, reportaAEmpleado, pathFoto) values (16, 'Camellini', 'Kara', 'VP Sales', 'Rev', '20181119', '20190812', '5 Portage Lane', 'Sacramento', 'CA', '95818', 'United States', '(530) 2910850', '1815', 'image/png', 'dictumst', 16, 'data:image/png;base64/');
insert into Empleados (idEmpleado, apellido, nombre, titulo, tituloDeCortesia, fechaNacimiento, fechaContratacion, direccion, ciudad, region, codigoPostal, pais, telefonoCasa, extension, foto, notas, reportaAEmpleado, pathFoto) values (17, 'Rixon', 'Mercie', 'Associate Professor', 'Rev', '20181119', '20190812', 'Road', 'Huntsville', 'AL', '35895', 'United States', '(256) 8436728', '1562', 'image/jpeg', 'ac', 17, 'data:image/png;base64/');
insert into Empleados (idEmpleado, apellido, nombre, titulo, tituloDeCortesia, fechaNacimiento, fechaContratacion, direccion, ciudad, region, codigoPostal, pais, telefonoCasa, extension, foto, notas, reportaAEmpleado, pathFoto) values (18, 'Block', 'Tony', 'Account Representative I', 'Dr','20181119', '20190812', '7 Columbus', 'Canton', 'OH', '44760', 'United States', '(234) 6795549', '1201', 'image/jpeg', 'bibendum morbi', 18, 'data:image/png;base64/');
insert into Empleados (idEmpleado, apellido, nombre, titulo, tituloDeCortesia, fechaNacimiento, fechaContratacion, direccion, ciudad, region, codigoPostal, pais, telefonoCasa, extension, foto, notas, reportaAEmpleado, pathFoto) values (19, 'Dinsey', 'Ruddie', 'Actuary', 'Rev', '20181119', '20190812', '26884 Holmberg Parkway', 'Canton', 'OH', '44720', 'United States', '(234) 5395952', '1803', 'image/pjpeg', 'sem', 19, 'data:image/png;base64/');
insert into Empleados (idEmpleado, apellido, nombre, titulo, tituloDeCortesia, fechaNacimiento, fechaContratacion, direccion, ciudad, region, codigoPostal, pais, telefonoCasa, extension, foto, notas, reportaAEmpleado, pathFoto) values (20, 'Scraggs', 'Alphard', 'Developer III', 'Ms', '20181119', '20190812', '3089 Quincy Alley', 'Falls Church', 'VA', '22047', 'United States', '(571) 2537404', '1612', 'image/jpeg', 'vel', 20, 'data:image/png;base64/');
insert into Empleados (idEmpleado, apellido, nombre, titulo, tituloDeCortesia, fechaNacimiento, fechaContratacion, direccion, ciudad, region, codigoPostal, pais, telefonoCasa, extension, foto, notas, reportaAEmpleado, pathFoto) values (21, 'Lynett', 'Beau', 'Development Analyst', 'Dr', '20181119', '20190812', '87525 Dakota', 'Columbus', 'OH', '43231', 'United States', '6143', '5209', 'image/x-tiff', 'leo odio', 21, 'data:image/png;base64/');
insert into Empleados (idEmpleado, apellido, nombre, titulo, tituloDeCortesia, fechaNacimiento, fechaContratacion, direccion, ciudad, region, codigoPostal, pais, telefonoCasa, extension, foto, notas, reportaAEmpleado, pathFoto) values (22, 'Gingel', 'Louise', 'Architect', 'Dr','20181119', '20190812', 'Trailsway Way', 'Chicago', 'IL', '60652', 'United States', '(773) 6254992', '1210', 'image/x-tiff', 'leo', 22, 'data:image/png;base64/');
insert into Empleados (idEmpleado, apellido, nombre, titulo, tituloDeCortesia, fechaNacimiento, fechaContratacion, direccion, ciudad, region, codigoPostal, pais, telefonoCasa, extension, foto, notas, reportaAEmpleado, pathFoto) values (23, 'Bertomieu', 'Andie', 'Nurse', 'Honorable', '20181119', '20190812', '3 Service Park', 'Springfield', 'IL', '62756', 'United States', '(217) 2532043', '1661', 'image/jpeg', 'in', 23, 'data:image/png;base64K/');
insert into Empleados (idEmpleado, apellido, nombre, titulo, tituloDeCortesia, fechaNacimiento, fechaContratacion, direccion, ciudad, region, codigoPostal, pais, telefonoCasa, extension, foto, notas, reportaAEmpleado, pathFoto) values (24, 'Millom', 'Niels', 'Web Developer', 'Rev', '20181119', '20190812', '387 Moose Circle', 'Oakland', 'CA', '94611', 'United States', '(510) 8598277', '1505', 'image/tiff', 'volutpat', 24, 'data:image/png;base64K/');
insert into Empleados (idEmpleado, apellido, nombre, titulo, tituloDeCortesia, fechaNacimiento, fechaContratacion, direccion, ciudad, region, codigoPostal, pais, telefonoCasa, extension, foto, notas, reportaAEmpleado, pathFoto) values (25, 'Theml', 'Daron', 'Accountant', 'Mr', '20181119', '20190812', '77 Dapin Avenue', 'Saint Paul', 'MN', '55188', 'United States', '(651) 3829921', '1234', 'image/tiff', 'vulputate', 25, 'data:image/png;base64/');
insert into Empleados (idEmpleado, apellido, nombre, titulo, tituloDeCortesia, fechaNacimiento, fechaContratacion, direccion, ciudad, region, codigoPostal, pais, telefonoCasa, extension, foto, notas, reportaAEmpleado, pathFoto) values (26, 'Voak', 'Ebeneser', 'Editor', 'Ms','20181119', '20190812', '324 Gale Avenue', 'Saint Louis', 'MO', '63110', 'United States', '(314) 2909457', '1570', 'image/png', 'ut', 26, 'data:image/png;base64');
insert into Empleados (idEmpleado, apellido, nombre, titulo, tituloDeCortesia, fechaNacimiento, fechaContratacion, direccion, ciudad, region, codigoPostal, pais, telefonoCasa, extension, foto, notas, reportaAEmpleado, pathFoto) values (27, 'Crease', 'Fransisco', 'Manager', 'Mr','20181119', '20190812', '905 Atwood Plaza', 'Louisville', 'KY', '40256', 'United States', '(502) 3836738', '1804', 'image/jpeg', 'ultrices', 27, 'data:image/png;base64K/');
insert into Empleados (idEmpleado, apellido, nombre, titulo, tituloDeCortesia, fechaNacimiento, fechaContratacion, direccion, ciudad, region, codigoPostal, pais, telefonoCasa, extension, foto, notas, reportaAEmpleado, pathFoto) values (28, 'Clewes', 'Feliza', 'HR Assistant', 'Mr','20181119', '20190812', '38 Nelson Point', 'New York City', 'NY', '10009', 'United States', '(917) 6232400', '1952', 'image/jpeg', 'ligula pellentesque', 28, 'data:image/png;base64K/');
insert into Empleados (idEmpleado, apellido, nombre, titulo, tituloDeCortesia, fechaNacimiento, fechaContratacion, direccion, ciudad, region, codigoPostal, pais, telefonoCasa, extension, foto, notas, reportaAEmpleado, pathFoto) values (29, 'Wearing', 'Reynold', 'Recruiting', 'Rev', '20181119', '20190812', '46 International Trail', 'Mesa', 'AZ', '85210', 'United States', '(602) 3324870', '1830', 'image/png', 'lectus in', 29, 'data:image/png;base64/');
insert into Empleados (idEmpleado, apellido, nombre, titulo, tituloDeCortesia, fechaNacimiento, fechaContratacion, direccion, ciudad, region, codigoPostal, pais, telefonoCasa, extension, foto, notas, reportaAEmpleado, pathFoto) values (30, 'Tuiller', 'Marney', 'Marketing', 'Honorable', '20181119', '20190812', '011 Waywood Junction', 'Crawfordsville', 'IN', '47937', 'United States', '(765) 4845243', '1904', 'image/x-tiff', 'semper', 30, 'data:image/png;base64AK/');
insert into Empleados (idEmpleado, apellido, nombre, titulo, tituloDeCortesia, fechaNacimiento, fechaContratacion, direccion, ciudad, region, codigoPostal, pais, telefonoCasa, extension, foto, notas, reportaAEmpleado, pathFoto) values (31, 'Mathewson', 'Alfonso', 'Project', 'Rev', '20181119', '20190812', '77 Petterle Street', 'Tulsa', 'OK', '74116', 'United States', '(918) 4730407', '1513', 'image/pjpeg', 'in consequat', 31, 'data:image/png;base64/');
insert into Empleados (idEmpleado, apellido, nombre, titulo, tituloDeCortesia, fechaNacimiento, fechaContratacion, direccion, ciudad, region, codigoPostal, pais, telefonoCasa, extension, foto, notas, reportaAEmpleado, pathFoto) values (32, 'McCuffie', 'June', 'Social Worker', 'Mrs', '20181119', '20190812', '375 Morrow Place', 'Des Moines', 'IA', '50310', 'United States', '(515) 8118195', '1701', 'image/pjpeg', 'fusce congue', 32, 'data:image/png;base64/');
insert into Empleados (idEmpleado, apellido, nombre, titulo, tituloDeCortesia, fechaNacimiento, fechaContratacion, direccion, ciudad, region, codigoPostal, pais, telefonoCasa, extension, foto, notas, reportaAEmpleado, pathFoto) values (33, 'Campanelle', 'Kliment', 'Representative', 'Mr', '20181119', '20190812', '479 Warrior Center', 'Tampa', 'FL', '33620', 'United States', '(813) 1063625', '1253', 'image/jpeg', 'nulla', 33, 'data:image/png;base64K/');
insert into Empleados (idEmpleado, apellido, nombre, titulo, tituloDeCortesia, fechaNacimiento, fechaContratacion, direccion, ciudad, region, codigoPostal, pais, telefonoCasa, extension, foto, notas, reportaAEmpleado, pathFoto) values (34, 'Patrick', 'Delbert', 'Engineer', 'Mr', '20181119', '20190812', '28044 Crownhardt Road', 'Fresno', 'CA', '93773', 'United States', '(559) 8212295', '1301', 'image/x-tiff', 'cursus', 34, 'data:image/png;base64/');
insert into Empleados (idEmpleado, apellido, nombre, titulo, tituloDeCortesia, fechaNacimiento, fechaContratacion, direccion, ciudad, region, codigoPostal, pais, telefonoCasa, extension, foto, notas, reportaAEmpleado, pathFoto) values (35, 'Vivien', 'Melody', 'Teacher', 'Honorable', '20181119', '20190812', '4 Shopko Parkway', 'Greensboro', 'NC', '27409', 'United States', '(336) 7369483', '1402', 'image/tiff', 'in', 35, 'data:image/png;base64/');
insert into Empleados (idEmpleado, apellido, nombre, titulo, tituloDeCortesia, fechaNacimiento, fechaContratacion, direccion, ciudad, region, codigoPostal, pais, telefonoCasa, extension, foto, notas, reportaAEmpleado, pathFoto) values (36, 'Standish-Brooks', 'Bastien', 'Recruiter', 'Ms', '20181119', '20190812', '005 Dayton Way', 'Prescott', 'AZ', '86305', 'United States', '(928) 8453032', '1334', 'image/gif', 'in', 36, 'data:image/png;base64/');
insert into Empleados (idEmpleado, apellido, nombre, titulo, tituloDeCortesia, fechaNacimiento, fechaContratacion, direccion, ciudad, region, codigoPostal, pais, telefonoCasa, extension, foto, notas, reportaAEmpleado, pathFoto) values (37, 'Hintzer', 'Alexis', 'Analyst', 'Dr', '20181119', '20190812', '56 Golf View Avenue', 'Greenville', 'SC', '29605', 'United States', '(864) 7036299', '1303', 'image/x-tiff', 'maecenas', 37, 'data:image/png;base64K/');
insert into Empleados (idEmpleado, apellido, nombre, titulo, tituloDeCortesia, fechaNacimiento, fechaContratacion, direccion, ciudad, region, codigoPostal, pais, telefonoCasa, extension, foto, notas, reportaAEmpleado, pathFoto) values (38, 'Dutteridge', 'Maddie', 'Assistant', 'Rev', '20181119', '20190812', '7 Green Ridge Crossing', 'Miami', 'FL', '33164', 'United States', '(786) 6533290', '1720', 'image/pjpeg', 'sapien placerat', 38, 'data:image/png;base64/');
insert into Empleados (idEmpleado, apellido, nombre, titulo, tituloDeCortesia, fechaNacimiento, fechaContratacion, direccion, ciudad, region, codigoPostal, pais, telefonoCasa, extension, foto, notas, reportaAEmpleado, pathFoto) values (39, 'Morcomb', 'Maurizio', 'Accountant', 'Mr', '20181119', '20190812', '4252 Fulton Junction', 'Clearwater', 'FL', '34620', 'United States', '(727) 9898800', '1734', 'image/pjpeg', 'sit amet', 39, 'data:image/png;base64/');
insert into Empleados (idEmpleado, apellido, nombre, titulo, tituloDeCortesia, fechaNacimiento, fechaContratacion, direccion, ciudad, region, codigoPostal, pais, telefonoCasa, extension, foto, notas, reportaAEmpleado, pathFoto) values (40, 'Sichardt', 'Adey', 'Associate', 'Dr', '20181119', '20190812', '861 Gina Way', 'Orange', 'CA', '92862', 'United States', '(714) 6288594', '1303', 'image/tiff', 'curae', 40, 'data:image/png;base64/');
insert into Empleados (idEmpleado, apellido, nombre, titulo, tituloDeCortesia, fechaNacimiento, fechaContratacion, direccion, ciudad, region, codigoPostal, pais, telefonoCasa, extension, foto, notas, reportaAEmpleado, pathFoto) values (41, 'Conichie', 'Liesa', 'Associate', 'Mrs','20181119', '20190812', '3 Redwing Street', 'Dallas', 'TX', '75387', 'United States', '(214) 4916076', '5139', 'image/png', 'curae mauris', 41, 'data:image/png;base64K/');
insert into Empleados (idEmpleado, apellido, nombre, titulo, tituloDeCortesia, fechaNacimiento, fechaContratacion, direccion, ciudad, region, codigoPostal, pais, telefonoCasa, extension, foto, notas, reportaAEmpleado, pathFoto) values (42, 'Creese', 'Laurie', 'VP', 'Dr', '20181119', '20190812', '558 Fairview Plaza', 'Portland', 'OR', '97255', 'United States', '(971) 3852012', '1404', 'image/tiff', 'odio', 42, 'data:image/png;base64K/');
insert into Empleados (idEmpleado, apellido, nombre, titulo, tituloDeCortesia, fechaNacimiento, fechaContratacion, direccion, ciudad, region, codigoPostal, pais, telefonoCasa, extension, foto, notas, reportaAEmpleado, pathFoto) values (43, 'Jonah', 'Deana', 'Programmer', 'Dr', '20181119', '20190812', '8 Spaight Parkway', 'Denver', 'CO', '80249', 'United States', '(303) 9044763', '1651', 'image/tiff', 'sit', 43, 'data:image/png;base64,VBORw0KGgoAAAANSUhEUgAAABAAAAAQCAYAAAAf8/9hAAAABGdBTUEAAK/');
insert into Empleados (idEmpleado, apellido, nombre, titulo, tituloDeCortesia, fechaNacimiento, fechaContratacion, direccion, ciudad, region, codigoPostal, pais, telefonoCasa, extension, foto, notas, reportaAEmpleado, pathFoto) values (44, 'Vokes', 'Hilliary', 'Auditor', 'Dr', '20181119', '20190812', '400 Dixon Plaza', 'Sarasota', 'FL', '34233', 'United States', '(941) 5731554', '1661', 'image/x-tiff', 'at diam', 44, 'data:image/png;bas/');
insert into Empleados (idEmpleado, apellido, nombre, titulo, tituloDeCortesia, fechaNacimiento, fechaContratacion, direccion, ciudad, region, codigoPostal, pais, telefonoCasa, extension, foto, notas, reportaAEmpleado, pathFoto) values (45, 'Elderfield', 'Zebedee', 'SEngineer', 'Mr', '20181119', '20190812', '42 Thackeray Point', 'Temple', 'TX', '76505', 'United States', '(254) 5152711', '1612', 'image/gif', 'semper rutrum', 45, 'data:image/png;base64K/');
insert into Empleados (idEmpleado, apellido, nombre, titulo, tituloDeCortesia, fechaNacimiento, fechaContratacion, direccion, ciudad, region, codigoPostal, pais, telefonoCasa, extension, foto, notas, reportaAEmpleado, pathFoto) values (46, 'MacGill', 'Anna-maria', 'Secretary', 'Mr', '20181119', '20190812', '33227 Huxley Place', 'El Paso', 'TX', '79945', 'United States', '(915) 9991832', '1850', 'image/tiff', 'ultrices posuere', 46, 'data:image/png;base64K/');
insert into Empleados (idEmpleado, apellido, nombre, titulo, tituloDeCortesia, fechaNacimiento, fechaContratacion, direccion, ciudad, region, codigoPostal, pais, telefonoCasa, extension, foto, notas, reportaAEmpleado, pathFoto) values (47, 'Liepins', 'Silvanus', 'HR Manager', 'Mrs', '20181119', '20190812', '6235 Eliot Way', 'Dallas', 'TX', '75379', 'United States', '(214) 7649899', '1516', 'image/png', 'imperdiet', 47, 'data:image/png;base64/');
insert into Empleados (idEmpleado, apellido, nombre, titulo, tituloDeCortesia, fechaNacimiento, fechaContratacion, direccion, ciudad, region, codigoPostal, pais, telefonoCasa, extension, foto, notas, reportaAEmpleado, pathFoto) values (48, 'Lambot', 'Alexa', 'Technical', 'Rev', '20181119', '20190812', 'Shasta Court', 'Jamaica', 'NY', '11470', 'United States', '(917) 9827751', '1951', 'image/pjpeg', 'nisl nunc', 48, 'data:image/png;base64/');
insert into Empleados (idEmpleado, apellido, nombre, titulo, tituloDeCortesia, fechaNacimiento, fechaContratacion, direccion, ciudad, region, codigoPostal, pais, telefonoCasa, extension, foto, notas, reportaAEmpleado, pathFoto) values (49, 'Fairlie', 'Dian', 'Nurse', 'Dr', '20181119', '20190812', '3 American Ash Pass', 'Greensboro', 'NC', '27499', 'United States', '(336) 4633395', '1202', 'image/x-tiff', 'vel enim', 49, 'data:image/png;base64/');
insert into Empleados (idEmpleado, apellido, nombre, titulo, tituloDeCortesia, fechaNacimiento, fechaContratacion, direccion, ciudad, region, codigoPostal, pais, telefonoCasa, extension, foto, notas, reportaAEmpleado, pathFoto) values (50, 'Kmicicki', 'Kaitlyn', 'Project Manager', 'Honorable', '20181119', '20190812', '3 Mandrake', 'Orlando', 'FL', '32819', 'United States', '(407) 9564507', '1202', 'image/x-tiff', 'congue vivamus', 50, 'data:image/png;base64/');
set identity_insert "Empleados" off
ALTER TABLE "Empleados" CHECK CONSTRAINT ALL;

set identity_insert "Categorias" on
ALTER TABLE "Categorias" NOCHECK CONSTRAINT ALL;
insert into Categorias (idCategoria, nombreCategoria, descripcion, imagen) values (1, 'Currants', 'tangible', 'image/x-tiff');
insert into Categorias (idCategoria, nombreCategoria, descripcion, imagen) values (2, 'Wineco Riserva', 'challenge', 'image/x-tiff');
insert into Categorias (idCategoria, nombreCategoria, descripcion, imagen) values (3, 'Wine002, Sauv', 'next generation', 'image/png');
insert into Categorias (idCategoria, nombreCategoria, descripcion, imagen) values (4, 'Tarts Assorted', 'needs-based', 'image/pjpeg');
insert into Categorias (idCategoria, nombreCategoria, descripcion, imagen) values (5, 'Curry', 'Facetoface', 'image/x-tiff');
insert into Categorias (idCategoria, nombreCategoria, descripcion, imagen) values (6, 'Cheese', 'dedicated', 'image/tiff');
insert into Categorias (idCategoria, nombreCategoria, descripcion, imagen) values (7, 'Scampi', 'Quality-focused', 'image/png');
insert into Categorias (idCategoria, nombreCategoria, descripcion, imagen) values (8, 'Sauce', 'contingency', 'image/pjpeg');
insert into Categorias (idCategoria, nombreCategoria, descripcion, imagen) values (9, 'Bread', 'access', 'image/jpeg');
insert into Categorias (idCategoria, nombreCategoria, descripcion, imagen) values (10, 'Crush', 'framework', 'image/pjpeg');
insert into Categorias (idCategoria, nombreCategoria, descripcion, imagen) values (11, 'Breads, Mini', 'paradigm', 'image/x-tiff');
insert into Categorias (idCategoria, nombreCategoria, descripcion, imagen) values (12, 'Bonitoe', 'systematic', 'image/tiff');
insert into Categorias (idCategoria, nombreCategoria, descripcion, imagen) values (13, 'Salmonk', 'Re-engineered', 'image/gif');
insert into Categorias (idCategoria, nombreCategoria, descripcion, imagen) values (14, 'Chocolate Bar', 'help-desk', 'image/png');
insert into Categorias (idCategoria, nombreCategoria, descripcion, imagen) values (15, 'Pork', 'national', 'image/png');
insert into Categorias (idCategoria, nombreCategoria, descripcion, imagen) values (16, 'BeefAaa', 'model', 'image/x-tiff');
insert into Categorias (idCategoria, nombreCategoria, descripcion, imagen) values (17, 'Lotus', 'global', 'image/jpeg');
insert into Categorias (idCategoria, nombreCategoria, descripcion, imagen) values (18, 'Energy', 'Cross-platform', 'image/jpeg');
insert into Categorias (idCategoria, nombreCategoria, descripcion, imagen) values (19, 'Lady Fingers', 'multi-tasking', 'image/jpeg');
insert into Categorias (idCategoria, nombreCategoria, descripcion, imagen) values (20, 'Lamb, Fresh', 'firmware', 'image/x-tiff');
insert into Categorias (idCategoria, nombreCategoria, descripcion, imagen) values (21, 'Chilli Paste', 'matrices', 'image/pjpeg');
insert into Categorias (idCategoria, nombreCategoria, descripcion, imagen) values (22, 'Danishes', 'Devolved', 'image/gif');
insert into Categorias (idCategoria, nombreCategoria, descripcion, imagen) values (23, 'Lid', 'conglomeration', 'image/tiff');
insert into Categorias (idCategoria, nombreCategoria, descripcion, imagen) values (24, 'Cardamo', 'protocol', 'image/gif');
insert into Categorias (idCategoria, nombreCategoria, descripcion, imagen) values (25, 'Meldea ', 'Cross-group', 'image/gif');
insert into Categorias (idCategoria, nombreCategoria, descripcion, imagen) values (26, 'Noodles', 'modular', 'image/png');
insert into Categorias (idCategoria, nombreCategoria, descripcion, imagen) values (27, 'Food', 'flexibility', 'image/x-tiff');
insert into Categorias (idCategoria, nombreCategoria, descripcion, imagen) values (28, 'Vanilla', 'radical', 'image/pjpeg');
insert into Categorias (idCategoria, nombreCategoria, descripcion, imagen) values (29, 'Cassis', 'Optimized', 'image/x-tiff');
insert into Categorias (idCategoria, nombreCategoria, descripcion, imagen) values (30, 'Carrotso', 'Optional', 'image/png');
insert into Categorias (idCategoria, nombreCategoria, descripcion, imagen) values (31, 'Virgin', 'Multi-tiered', 'image/pjpeg');
insert into Categorias (idCategoria, nombreCategoria, descripcion, imagen) values (32, 'Celery', 'Intuitive', 'image/jpeg');
insert into Categorias (idCategoria, nombreCategoria, descripcion, imagen) values (33, 'Greens', 'Innovative', 'image/jpeg');
insert into Categorias (idCategoria, nombreCategoria, descripcion, imagen) values (34, 'Cheese', 'Realigned', 'image/jpeg');
insert into Categorias (idCategoria, nombreCategoria, descripcion, imagen) values (35, 'Amarula', 'process improvement', 'image/gif');
insert into Categorias (idCategoria, nombreCategoria, descripcion, imagen) values (36, 'Salmon', 'protocol', 'image/x-tiff');
insert into Categorias (idCategoria, nombreCategoria, descripcion, imagen) values (37, 'Pepper', 'superstructure', 'image/gif');
insert into Categorias (idCategoria, nombreCategoria, descripcion, imagen) values (38, 'Winero', 'throughput', 'image/pjpeg');
insert into Categorias (idCategoria, nombreCategoria, descripcion, imagen) values (39, 'Juice', 'array', 'image/png');
insert into Categorias (idCategoria, nombreCategoria, descripcion, imagen) values (40, 'Carroway', 'Monitored', 'image/pjpeg');
insert into Categorias (idCategoria, nombreCategoria, descripcion, imagen) values (41, 'Wineaz', 'Pre-emptive', 'image/tiff');
insert into Categorias (idCategoria, nombreCategoria, descripcion, imagen) values (42, 'Loaf', 'directional', 'image/pjpeg');
insert into Categorias (idCategoria, nombreCategoria, descripcion, imagen) values (43, 'Sobe', 'Proactive', 'image/jpeg');
insert into Categorias (idCategoria, nombreCategoria, descripcion, imagen) values (44, 'Ecolab', 'secured line', 'image/tiff');
insert into Categorias (idCategoria, nombreCategoria, descripcion, imagen) values (45, 'Lotus Root', 'methodical', 'image/gif');
insert into Categorias (idCategoria, nombreCategoria, descripcion, imagen) values (46, 'Wineose', 'Adaptive', 'image/png');
insert into Categorias (idCategoria, nombreCategoria, descripcion, imagen) values (47, 'Wine Pape', 'value-added', 'image/tiff');
insert into Categorias (idCategoria, nombreCategoria, descripcion, imagen) values (48, 'Cumin-Whole', 'infrastructure', 'image/gif');
insert into Categorias (idCategoria, nombreCategoria, descripcion, imagen) values (49, 'Carbonated', 'contextually-based', 'image/gif');
insert into Categorias (idCategoria, nombreCategoria, descripcion, imagen) values (50, 'Wine', 'Triple-buffered', 'image/x-tiff');
set identity_insert "Categorias" off
ALTER TABLE "Categorias" CHECK CONSTRAINT ALL;

set identity_insert "Provedores" on
ALTER TABLE "Provedores" NOCHECK CONSTRAINT ALL;
insert into Provedores (idProvedor, nombreCompania, nombreContacto, cargoContacto, direccion, ciudad, region, codigoPostal, pais, telefono, fax, paginaProvedor) values (1, 'O''Conner, Corkery and Crooks', 'Galvin Beathem', 'vestibulum', '1687 Calypso Terrace', 'Boston', 'MA', '02283', 'United States', '7812247576', '816-731-5780', 'g.co');
insert into Provedores (idProvedor, nombreCompania, nombreContacto, cargoContacto, direccion, ciudad, region, codigoPostal, pais, telefono, fax, paginaProvedor) values (2, 'Grant, Shanahan and Bosco', 'Alejandrina Dulinty', 'diam', '112 Shoshone Plaza', 'Juneau', 'AK', '99812', 'United States', '9076230479', '513-244-7209', 'theatlantic.com');
insert into Provedores (idProvedor, nombreCompania, nombreContacto, cargoContacto, direccion, ciudad, region, codigoPostal, pais, telefono, fax, paginaProvedor) values (3, 'Reichert and Sons', 'Dredi M''Quharge', 'scelerisque', '7 Lighthouse Bay Pass', 'Oklahoma City', 'OK', '73129', 'United States', '4055157589', '608-857-4530', 'businessinsider.com');
insert into Provedores (idProvedor, nombreCompania, nombreContacto, cargoContacto, direccion, ciudad, region, codigoPostal, pais, telefono, fax, paginaProvedor) values (4, 'Haley and Sons', 'Arnie Pinkett', 'justo', '35 Farragut Plaza', 'Jamaica', 'NY', '11447', 'United States', '7183247395', '530-739-6301', 'plala.or.jp');
insert into Provedores (idProvedor, nombreCompania, nombreContacto, cargoContacto, direccion, ciudad, region, codigoPostal, pais, telefono, fax, paginaProvedor) values (5, 'Leannon-Rodriguez', 'Chic Jancy', 'rutrum', '6327 Nancy Lane', 'Las Vegas', 'NV', '89145', 'United States', '7021077003', '609-852-3503', 'nytimes.com');
insert into Provedores (idProvedor, nombreCompania, nombreContacto, cargoContacto, direccion, ciudad, region, codigoPostal, pais, telefono, fax, paginaProvedor) values (6, 'Spencer and Sons', 'Evvie Bauld', 'mattis', '60748 Porter Parkway', 'Bloomington', 'IN', '47405', 'United States', '8122867821', '941-692-1311', 'apache.org');
insert into Provedores (idProvedor, nombreCompania, nombreContacto, cargoContacto, direccion, ciudad, region, codigoPostal, pais, telefono, fax, paginaProvedor) values (7, 'Wintheiser-Runolfsson', 'Maurizia Zahor', 'faucibus', '54 Bashford Drive', 'Phoenix', 'AZ', '85062', 'United States', '6026763284', '765-539-4307', 'webnode.com');
insert into Provedores (idProvedor, nombreCompania, nombreContacto, cargoContacto, direccion, ciudad, region, codigoPostal, pais, telefono, fax, paginaProvedor) values (8, 'Sipes and Sons', 'Ina Simonett', 'curabitur at', '7354 Blue Bill Park Circle', 'Minneapolis', 'MN', '55402', 'United States', '6512355619', '817-452-0339', 'typepad.com');
insert into Provedores (idProvedor, nombreCompania, nombreContacto, cargoContacto, direccion, ciudad, region, codigoPostal, pais, telefono, fax, paginaProvedor) values (9, 'Klocko-Orn', 'Fayina Brabin', 'neque', '4623 Ludington Hill', 'Los Angeles', 'CA', '90050', 'United States', '2135749138', '202-490-4163', 'ftc.gov');
insert into Provedores (idProvedor, nombreCompania, nombreContacto, cargoContacto, direccion, ciudad, region, codigoPostal, pais, telefono, fax, paginaProvedor) values (10, 'Ferry and Sons', 'Adelice Dubose', 'iaculis diam', '32 Goodland Junction', 'Akron', 'OH', '44321', 'United States', '3301491562', '209-951-9990', 'hatena.ne.jp');
insert into Provedores (idProvedor, nombreCompania, nombreContacto, cargoContacto, direccion, ciudad, region, codigoPostal, pais, telefono, fax, paginaProvedor) values (11, 'Strosin, Zboncak and Hand', 'Nicolette Eckersall', 'integer aliquet', '67 Hagan Drive', 'Oklahoma City', 'OK', '73197', 'United States', '4058683286', '817-901-0361', 'hao123.com');
insert into Provedores (idProvedor, nombreCompania, nombreContacto, cargoContacto, direccion, ciudad, region, codigoPostal, pais, telefono, fax, paginaProvedor) values (12, 'Lindgren-Gleason', 'Vivien Dumbell', 'sapien', '35276 Gale Way', 'Eugene', 'OR', '97405', 'United States', '5414886445', '863-678-0930', 'usgs.gov');
insert into Provedores (idProvedor, nombreCompania, nombreContacto, cargoContacto, direccion, ciudad, region, codigoPostal, pais, telefono, fax, paginaProvedor) values (13, 'Leannon Inc', 'Fanechka Mathou', 'ac neque', '62 Buena Vista Parkway', 'Torrance', 'CA', '90505', 'United States', '3103666333', '850-771-0282', 'nytimes.com');
insert into Provedores (idProvedor, nombreCompania, nombreContacto, cargoContacto, direccion, ciudad, region, codigoPostal, pais, telefono, fax, paginaProvedor) values (14, 'Walter-Marquardt', 'Carolyn Pusey', 'erat', '55 Elka Drive', 'Baltimore', 'MD', '21275', 'United States', '4107318584', '202-886-5169', 'icio.us');
insert into Provedores (idProvedor, nombreCompania, nombreContacto, cargoContacto, direccion, ciudad, region, codigoPostal, pais, telefono, fax, paginaProvedor) values (15, 'Sipes-Kub', 'Roselle O''Gaven', 'turpis donec', '92 Grim Park', 'San Francisco', 'CA', '94142', 'United States', '4152737979', '859-115-7133', 'mtv.com');
insert into Provedores (idProvedor, nombreCompania, nombreContacto, cargoContacto, direccion, ciudad, region, codigoPostal, pais, telefono, fax, paginaProvedor) values (16, 'McCullough-Cole', 'Rheba Abson', 'non', '6194 Killdeer Hill', 'Mobile', 'AL', '36605', 'United States', '2515636921', '901-745-4281', 'jigsy.com');
insert into Provedores (idProvedor, nombreCompania, nombreContacto, cargoContacto, direccion, ciudad, region, codigoPostal, pais, telefono, fax, paginaProvedor) values (17, 'Pouros, Cormier and McKenzie', 'Rey O''Flannery', 'amet', '86105 Barnett Court', 'Ridgely', 'MD', '21684', 'United States', '4106743085', '478-826-1530', 'wufoo.com');
insert into Provedores (idProvedor, nombreCompania, nombreContacto, cargoContacto, direccion, ciudad, region, codigoPostal, pais, telefono, fax, paginaProvedor) values (18, 'Auer, Bashirian and Bogisich', 'Pepito Griffey', 'quis orci', '67837 Green Crossing', 'Cincinnati', 'OH', '45243', 'United States', '5131164315', '216-173-5348', 'deviantart.com');
insert into Provedores (idProvedor, nombreCompania, nombreContacto, cargoContacto, direccion, ciudad, region, codigoPostal, pais, telefono, fax, paginaProvedor) values (19, 'Glover, Huel and White', 'Arlin Verey', 'ante vestibulum', '8124 Toban Circle', 'Houston', 'TX', '77010', 'United States', '2817286693', '806-488-2176', 'alibaba.com');
insert into Provedores (idProvedor, nombreCompania, nombreContacto, cargoContacto, direccion, ciudad, region, codigoPostal, pais, telefono, fax, paginaProvedor) values (20, 'Koelpin Group', 'Alexandr Gaine', 'in', '751 Mockingbird Hill', 'Dallas', 'TX', '75231', 'United States', '2146904683', '513-217-4744', 'zimbio.com');
insert into Provedores (idProvedor, nombreCompania, nombreContacto, cargoContacto, direccion, ciudad, region, codigoPostal, pais, telefono, fax, paginaProvedor) values (21, 'Lesch-Doyle', 'Esmaria Bateson', 'facilisi', '1687 Oak Valley Court', 'Dallas', 'TX', '75231', 'United States', '4691521704', '972-563-2432', 'msu.edu');
insert into Provedores (idProvedor, nombreCompania, nombreContacto, cargoContacto, direccion, ciudad, region, codigoPostal, pais, telefono, fax, paginaProvedor) values (22, 'Gusikowski, McLaughlin and Stark', 'Vivia Yeulet', 'sapien', '57 Magdeline Junction', 'Fort Smith', 'AR', '72905', 'United States', '4798233287', '937-162-4647', 'weibo.com');
insert into Provedores (idProvedor, nombreCompania, nombreContacto, cargoContacto, direccion, ciudad, region, codigoPostal, pais, telefono, fax, paginaProvedor) values (23, 'Morissette, Schmitt and Turcotte', 'Lilas Cherrison', 'vitae', '4 Loeprich Place', 'Houston', 'TX', '77260', 'United States', '7139774021', '614-665-6393', 'google.com');
insert into Provedores (idProvedor, nombreCompania, nombreContacto, cargoContacto, direccion, ciudad, region, codigoPostal, pais, telefono, fax, paginaProvedor) values (24, 'Murray LLC', 'Oswald Garfirth', 'ipsum', '737 Kennedy Plaza', 'Philadelphia', 'PA', '19191', 'United States', '2155957142', '719-712-9946', 'wisc.edu');
insert into Provedores (idProvedor, nombreCompania, nombreContacto, cargoContacto, direccion, ciudad, region, codigoPostal, pais, telefono, fax, paginaProvedor) values (25, 'Brakus-Stoltenberg', 'Bertram Jaquet', 'rutrum at', '3425 Comanche Trail', 'Saint Cloud', 'MN', '56372', 'United States', '3207777736', '704-317-6461', 'com.com');
insert into Provedores (idProvedor, nombreCompania, nombreContacto, cargoContacto, direccion, ciudad, region, codigoPostal, pais, telefono, fax, paginaProvedor) values (26, 'Gorczany and Sons', 'Nonie Piesing', 'condimentum curabitur', '2765 Sloan Court', 'Albuquerque', 'NM', '87180', 'United States', '5052963427', '205-741-2162', 'miibeian.gov.cn');
insert into Provedores (idProvedor, nombreCompania, nombreContacto, cargoContacto, direccion, ciudad, region, codigoPostal, pais, telefono, fax, paginaProvedor) values (27, 'Legros and Sons', 'Dalis Gosalvez', 'mi integer', '556 Arkansas Plaza', 'Reno', 'NV', '89595', 'United States', '7754511338', '919-635-4461', 'youtube.com');
insert into Provedores (idProvedor, nombreCompania, nombreContacto, cargoContacto, direccion, ciudad, region, codigoPostal, pais, telefono, fax, paginaProvedor) values (28, 'Wunsch-Connelly', 'Anselma Roseaman', 'odio in', '1 Northland Junction', 'Fort Worth', 'TX', '76134', 'United States', '8177324399', '505-784-8843', 'nhs.uk');
insert into Provedores (idProvedor, nombreCompania, nombreContacto, cargoContacto, direccion, ciudad, region, codigoPostal, pais, telefono, fax, paginaProvedor) values (29, 'Harber, Lehner and Gerlach', 'Warde Haynes', 'turpis', '646 Crest Line Terrace', 'Jersey City', 'NJ', '07310', 'United States', '9735989204', '208-976-7038', 'google.nl');
insert into Provedores (idProvedor, nombreCompania, nombreContacto, cargoContacto, direccion, ciudad, region, codigoPostal, pais, telefono, fax, paginaProvedor) values (30, 'Breitenberg-Gutmann', 'Savina Di Biaggi', 'metus', '59 Heath Pass', 'San Bernardino', 'CA', '92405', 'United States', '9093244284', '502-717-3040', 'exblog.jp');
insert into Provedores (idProvedor, nombreCompania, nombreContacto, cargoContacto, direccion, ciudad, region, codigoPostal, pais, telefono, fax, paginaProvedor) values (31, 'Legros LLC', 'Adriana Bevan', 'aenean', '82 Novick Crossing', 'Cincinnati', 'OH', '45254', 'United States', '5137160744', '321-801-9997', 'blinklist.com');
insert into Provedores (idProvedor, nombreCompania, nombreContacto, cargoContacto, direccion, ciudad, region, codigoPostal, pais, telefono, fax, paginaProvedor) values (32, 'Cummerata and Sons', 'Kaila Standall', 'vel', '50348 Saint Paul Crossing', 'Chico', 'CA', '95973', 'United States', '9164344388', '719-235-9198', 'tmall.com');
insert into Provedores (idProvedor, nombreCompania, nombreContacto, cargoContacto, direccion, ciudad, region, codigoPostal, pais, telefono, fax, paginaProvedor) values (33, 'Marquardt, Okuneva and Haag', 'Wynnie Hadye', 'in sagittis', '45 Aberg Drive', 'Sacramento', 'CA', '94237', 'United States', '9165501015', '812-271-6283', 'w3.org');
insert into Provedores (idProvedor, nombreCompania, nombreContacto, cargoContacto, direccion, ciudad, region, codigoPostal, pais, telefono, fax, paginaProvedor) values (34, 'Stehr and Sons', 'Doti Shinfield', 'platea dictumst', '93 North Place', 'Billings', 'MT', '59112', 'United States', '4066281032', '847-569-3705', 'bloglines.com');
insert into Provedores (idProvedor, nombreCompania, nombreContacto, cargoContacto, direccion, ciudad, region, codigoPostal, pais, telefono, fax, paginaProvedor) values (35, 'Auer-Turner', 'Averil St. Pierre', 'rutrum', '27 Texas Avenue', 'Southfield', 'MI', '48076', 'United States', '8109065052', '502-844-8615', 'businessweek.com');
insert into Provedores (idProvedor, nombreCompania, nombreContacto, cargoContacto, direccion, ciudad, region, codigoPostal, pais, telefono, fax, paginaProvedor) values (36, 'Schiller-Reilly', 'Roana Cattermoul', 'libero rutrum', '228 Jana Hill', 'Trenton', 'NJ', '08619', 'United States', '6094467528', '918-129-7134', 'dyndns.org');
insert into Provedores (idProvedor, nombreCompania, nombreContacto, cargoContacto, direccion, ciudad, region, codigoPostal, pais, telefono, fax, paginaProvedor) values (37, 'Lehner, Weimann and Osinski', 'Leta Cowoppe', 'aliquam', '606 Mesta Terrace', 'El Paso', 'TX', '79999', 'United States', '9151324711', '571-207-7037', 'marriott.com');
insert into Provedores (idProvedor, nombreCompania, nombreContacto, cargoContacto, direccion, ciudad, region, codigoPostal, pais, telefono, fax, paginaProvedor) values (38, 'Kozey-Erdman', 'Corey Menilove', 'ut volutpat', '002 Mccormick Drive', 'Seattle', 'WA', '98140', 'United States', '2066160545', '210-253-3622', 'bluehost.com');
insert into Provedores (idProvedor, nombreCompania, nombreContacto, cargoContacto, direccion, ciudad, region, codigoPostal, pais, telefono, fax, paginaProvedor) values (39, 'Koss, Turcotte and Osinski', 'Pepita Edards', 'amet', '7 Bunting Crossing', 'Modesto', 'CA', '95354', 'United States', '2097738965', '314-492-4636', 'dmoz.org');
insert into Provedores (idProvedor, nombreCompania, nombreContacto, cargoContacto, direccion, ciudad, region, codigoPostal, pais, telefono, fax, paginaProvedor) values (40, 'Bergstrom, White and Hoppe', 'Page Isaksson', 'sagittis', '3 Oakridge Junction', 'Des Moines', 'IA', '50330', 'United States', '5156747551', '773-717-1532', 'msu.edu');
insert into Provedores (idProvedor, nombreCompania, nombreContacto, cargoContacto, direccion, ciudad, region, codigoPostal, pais, telefono, fax, paginaProvedor) values (41, 'Hodkiewicz-Gutkowski', 'Rafaelita Bettles', 'mus etiam', '85381 Sunnyside Trail', 'San Diego', 'CA', '92191', 'United States', '6198830298', '626-277-6731', 'tinyurl.com');
insert into Provedores (idProvedor, nombreCompania, nombreContacto, cargoContacto, direccion, ciudad, region, codigoPostal, pais, telefono, fax, paginaProvedor) values (42, 'Nienow, Farrell and Murazik', 'Ignazio Parmenter', 'vivamus in', '206 1st Center', 'Falls Church', 'VA', '22047', 'United States', '5713803744', '412-864-2348', 'squarespace.com');
insert into Provedores (idProvedor, nombreCompania, nombreContacto, cargoContacto, direccion, ciudad, region, codigoPostal, pais, telefono, fax, paginaProvedor) values (43, 'Swaniawski Group', 'Stacia Quail', 'fermentum', '80 Green Ridge Parkway', 'Hagerstown', 'MD', '21747', 'United States', '2409636350', '757-622-6105', 'sogou.com');
insert into Provedores (idProvedor, nombreCompania, nombreContacto, cargoContacto, direccion, ciudad, region, codigoPostal, pais, telefono, fax, paginaProvedor) values (44, 'Schneider-Legros', 'Vergil Veall', 'leo rhoncus', '62 Holy Cross Street', 'Sterling', 'VA', '20167', 'United States', '5715753914', '954-257-7943', 'cnbc.com');
insert into Provedores (idProvedor, nombreCompania, nombreContacto, cargoContacto, direccion, ciudad, region, codigoPostal, pais, telefono, fax, paginaProvedor) values (45, 'O''Connell Group', 'Talyah Hawkett', 'quam', '8 Loftsgordon Crossing', 'Philadelphia', 'PA', '19125', 'United States', '2156339666', '859-536-7990', 'infoseek.co.jp');
insert into Provedores (idProvedor, nombreCompania, nombreContacto, cargoContacto, direccion, ciudad, region, codigoPostal, pais, telefono, fax, paginaProvedor) values (46, 'Ferry-Nitzsche', 'Byram Willavize', 'ante', '3 Sunnyside Way', 'Little Rock', 'AR', '72204', 'United States', '5011834141', '513-375-5034', 'comsenz.com');
insert into Provedores (idProvedor, nombreCompania, nombreContacto, cargoContacto, direccion, ciudad, region, codigoPostal, pais, telefono, fax, paginaProvedor) values (47, 'Hammes and Sons', 'Blinnie Corless', 'rhoncus', '29838 American Ash Lane', 'Jackson', 'MS', '39282', 'United States', '6016936354', '318-695-4385', 'bloglovin.com');
insert into Provedores (idProvedor, nombreCompania, nombreContacto, cargoContacto, direccion, ciudad, region, codigoPostal, pais, telefono, fax, paginaProvedor) values (48, 'Kreiger-Hilll', 'Ripley Belf', 'mauris', '725 Fuller Road', 'Silver Spring', 'MD', '20910', 'United States', '2407256561', '414-228-1013', 'wisc.edu');
insert into Provedores (idProvedor, nombreCompania, nombreContacto, cargoContacto, direccion, ciudad, region, codigoPostal, pais, telefono, fax, paginaProvedor) values (49, 'Luettgen-Ryan', 'Thornie Ingham', 'odio in', '98961 Jenna Center', 'Canton', 'OH', '44720', 'United States', '2345196479', '612-286-8251', 'hexun.com');
insert into Provedores (idProvedor, nombreCompania, nombreContacto, cargoContacto, direccion, ciudad, region, codigoPostal, pais, telefono, fax, paginaProvedor) values (50, 'Daniel Inc', 'Randy O''Moylan', 'duis aliquam', '299 West Alley', 'Washington', 'DC', '20041', 'United States', '7034187130', '214-623-7955', 'naver.com');
set identity_insert "Provedores" off
ALTER TABLE "Provedores" CHECK CONSTRAINT ALL;

set identity_insert "Productos" on
ALTER TABLE "Productos" NOCHECK CONSTRAINT ALL;
insert into Productos (idProducto, nombreProducto, idProvedor, idCategoria, cantidadPorUnidad, precioUnitario, UnidadesEnStock, unidadesEnPedido, nivelReorden, descontinuado) values (1, 'Hydrocortisone', 1, 1, 'vel', '¥952.57', 1, 1, 1, 1);
insert into Productos (idProducto, nombreProducto, idProvedor, idCategoria, cantidadPorUnidad, precioUnitario, UnidadesEnStock, unidadesEnPedido, nivelReorden, descontinuado) values (2, 'Soothing Bath Treatment', 2, 2, 'sem', '£888.79', 2, 2, 2, 1);
insert into Productos (idProducto, nombreProducto, idProvedor, idCategoria, cantidadPorUnidad, precioUnitario, UnidadesEnStock, unidadesEnPedido, nivelReorden, descontinuado) values (3, 'Eucerin Calming Itch Relief Treatment', 3, 3, 'hac habitasse', '€129,71', 3, 3, 3, 1);
insert into Productos (idProducto, nombreProducto, idProvedor, idCategoria, cantidadPorUnidad, precioUnitario, UnidadesEnStock, unidadesEnPedido, nivelReorden, descontinuado) values (4, 'Guinea Pig Hair', 4, 4, 'cubilia', '$929.72', 4, 4, 4, 1);
insert into Productos (idProducto, nombreProducto, idProvedor, idCategoria, cantidadPorUnidad, precioUnitario, UnidadesEnStock, unidadesEnPedido, nivelReorden, descontinuado) values (5, 'Leader Premenstrual', 5, 5, 'dui proin', '£440.53', 5, 5, 5, 0);
insert into Productos (idProducto, nombreProducto, idProvedor, idCategoria, cantidadPorUnidad, precioUnitario, UnidadesEnStock, unidadesEnPedido, nivelReorden, descontinuado) values (6, 'Relief', 6, 6, 'vel augue', '¥954.02', 6, 6, 6, 0);
insert into Productos (idProducto, nombreProducto, idProvedor, idCategoria, cantidadPorUnidad, precioUnitario, UnidadesEnStock, unidadesEnPedido, nivelReorden, descontinuado) values (7, 'QUERCUS AGRIFOLIA POLLEN', 7, 7, 'aliquam', '£629.16', 7, 7, 7, 1);
insert into Productos (idProducto, nombreProducto, idProvedor, idCategoria, cantidadPorUnidad, precioUnitario, UnidadesEnStock, unidadesEnPedido, nivelReorden, descontinuado) values (8, 'Gabapentin', 8, 8, 'purus sit', '€977,43', 8, 8, 8, 0);
insert into Productos (idProducto, nombreProducto, idProvedor, idCategoria, cantidadPorUnidad, precioUnitario, UnidadesEnStock, unidadesEnPedido, nivelReorden, descontinuado) values (9, 'CareOne Antacid', 9, 9, 'neque libero', '€206,33', 9, 9, 9, 0);
insert into Productos (idProducto, nombreProducto, idProvedor, idCategoria, cantidadPorUnidad, precioUnitario, UnidadesEnStock, unidadesEnPedido, nivelReorden, descontinuado) values (10, 'Zep Cleaner', 10, 10, 'accumsan', '¥244.24', 10, 10, 10, 0);
insert into Productos (idProducto, nombreProducto, idProvedor, idCategoria, cantidadPorUnidad, precioUnitario, UnidadesEnStock, unidadesEnPedido, nivelReorden, descontinuado) values (11, 'Phenazopyridine', 11, 11, 'sagittis', '¥7.87', 11, 11, 11, 1);
insert into Productos (idProducto, nombreProducto, idProvedor, idCategoria, cantidadPorUnidad, precioUnitario, UnidadesEnStock, unidadesEnPedido, nivelReorden, descontinuado) values (12, 'Old Spicee', 12, 12, 'pede justo', '€927,48', 12, 12, 12, 1);
insert into Productos (idProducto, nombreProducto, idProvedor, idCategoria, cantidadPorUnidad, precioUnitario, UnidadesEnStock, unidadesEnPedido, nivelReorden, descontinuado) values (13, 'Extra Strength', 13, 13, 'sapien', '¥465.02', 13, 13, 13, 0);
insert into Productos (idProducto, nombreProducto, idProvedor, idCategoria, cantidadPorUnidad, precioUnitario, UnidadesEnStock, unidadesEnPedido, nivelReorden, descontinuado) values (14, 'AcetaZOLAMIDE', 14, 14, 'rhoncus', '€512,34', 14, 14, 14, 0);
insert into Productos (idProducto, nombreProducto, idProvedor, idCategoria, cantidadPorUnidad, precioUnitario, UnidadesEnStock, unidadesEnPedido, nivelReorden, descontinuado) values (15, 'cephalexin', 15, 15, 'ultrices posuere', '¥439.95', 15, 15, 15, 0);
insert into Productos (idProducto, nombreProducto, idProvedor, idCategoria, cantidadPorUnidad, precioUnitario, UnidadesEnStock, unidadesEnPedido, nivelReorden, descontinuado) values (16, 'Doxazosin', 16, 16, 'felis', '£56.09', 16, 16, 16, 1);
insert into Productos (idProducto, nombreProducto, idProvedor, idCategoria, cantidadPorUnidad, precioUnitario, UnidadesEnStock, unidadesEnPedido, nivelReorden, descontinuado) values (17, 'Sulfamethoxazole', 17, 17, 'duis', '£987.65', 17, 17, 17, 1);
insert into Productos (idProducto, nombreProducto, idProvedor, idCategoria, cantidadPorUnidad, precioUnitario, UnidadesEnStock, unidadesEnPedido, nivelReorden, descontinuado) values (18, 'Supersmile', 18, 18, 'proin leo', '¥130.22', 18, 18, 18, 0);
insert into Productos (idProducto, nombreProducto, idProvedor, idCategoria, cantidadPorUnidad, precioUnitario, UnidadesEnStock, unidadesEnPedido, nivelReorden, descontinuado) values (19, 'CENTER-AL', 19, 19, 'mollis', '€832,39', 19, 19, 19, 1);
insert into Productos (idProducto, nombreProducto, idProvedor, idCategoria, cantidadPorUnidad, precioUnitario, UnidadesEnStock, unidadesEnPedido, nivelReorden, descontinuado) values (20, 'HYDRALAZINE', 20, 20, 'porttitor', '€434,93', 20, 20, 20, 0);
insert into Productos (idProducto, nombreProducto, idProvedor, idCategoria, cantidadPorUnidad, precioUnitario, UnidadesEnStock, unidadesEnPedido, nivelReorden, descontinuado) values (21, 'Milk of Magnesia', 21, 21, 'accumsan', '¥36.39', 21, 21, 21, 1);
insert into Productos (idProducto, nombreProducto, idProvedor, idCategoria, cantidadPorUnidad, precioUnitario, UnidadesEnStock, unidadesEnPedido, nivelReorden, descontinuado) values (22, 'Equaline', 22, 22, 'suscipit', '$784.93', 22, 22, 22, 0);
insert into Productos (idProducto, nombreProducto, idProvedor, idCategoria, cantidadPorUnidad, precioUnitario, UnidadesEnStock, unidadesEnPedido, nivelReorden, descontinuado) values (23, 'Montelukast', 23, 23, 'morbi sem', '£958.93', 23, 23, 23, 0);
insert into Productos (idProducto, nombreProducto, idProvedor, idCategoria, cantidadPorUnidad, precioUnitario, UnidadesEnStock, unidadesEnPedido, nivelReorden, descontinuado) values (24, 'Dr. Moisturizer', 24, 24, 'mattis', '£1.10', 24, 24, 24, 1);
insert into Productos (idProducto, nombreProducto, idProvedor, idCategoria, cantidadPorUnidad, precioUnitario, UnidadesEnStock, unidadesEnPedido, nivelReorden, descontinuado) values (25, 'Atorvastatin Calcium', 25, 25, 'suscipit', '£374.84', 25, 25, 25, 0);
insert into Productos (idProducto, nombreProducto, idProvedor, idCategoria, cantidadPorUnidad, precioUnitario, UnidadesEnStock, unidadesEnPedido, nivelReorden, descontinuado) values (26, 'NARS FOUNDATION', 26, 26, 'purus sit', '$475.05', 26, 26, 26, 1);
insert into Productos (idProducto, nombreProducto, idProvedor, idCategoria, cantidadPorUnidad, precioUnitario, UnidadesEnStock, unidadesEnPedido, nivelReorden, descontinuado) values (27, 'Zap APF', 27, 27, 'in tempus', '$371.15', 27, 27, 27, 1);
insert into Productos (idProducto, nombreProducto, idProvedor, idCategoria, cantidadPorUnidad, precioUnitario, UnidadesEnStock, unidadesEnPedido, nivelReorden, descontinuado) values (28, 'Alba45', 28, 28, 'dolor', '¥745.27', 28, 28, 28, 0);
insert into Productos (idProducto, nombreProducto, idProvedor, idCategoria, cantidadPorUnidad, precioUnitario, UnidadesEnStock, unidadesEnPedido, nivelReorden, descontinuado) values (29, 'Ibuprofen', 29, 29, 'curae', '£941.20', 29, 29, 29, 1);
insert into Productos (idProducto, nombreProducto, idProvedor, idCategoria, cantidadPorUnidad, precioUnitario, UnidadesEnStock, unidadesEnPedido, nivelReorden, descontinuado) values (30, 'Pitocin', 30, 30, 'porta volutpat', '€897,44', 30, 30, 30, 0);
insert into Productos (idProducto, nombreProducto, idProvedor, idCategoria, cantidadPorUnidad, precioUnitario, UnidadesEnStock, unidadesEnPedido, nivelReorden, descontinuado) values (31, 'Lyrica', 31, 31, 'consequat', '£646.51', 31, 31, 31, 1);
insert into Productos (idProducto, nombreProducto, idProvedor, idCategoria, cantidadPorUnidad, precioUnitario, UnidadesEnStock, unidadesEnPedido, nivelReorden, descontinuado) values (32, 'Gemfibrozil', 32, 32, 'ipsum praesent', '$662.92', 32, 32, 32, 0);
insert into Productos (idProducto, nombreProducto, idProvedor, idCategoria, cantidadPorUnidad, precioUnitario, UnidadesEnStock, unidadesEnPedido, nivelReorden, descontinuado) values (33, 'Diflucan', 33, 33, 'vestibulum velit', '¥711.12', 33, 33, 33, 1);
insert into Productos (idProducto, nombreProducto, idProvedor, idCategoria, cantidadPorUnidad, precioUnitario, UnidadesEnStock, unidadesEnPedido, nivelReorden, descontinuado) values (34, 'Chan Oil', 34, 34, 'nisl duis', '£286.82', 34, 34, 34, 0);
insert into Productos (idProducto, nombreProducto, idProvedor, idCategoria, cantidadPorUnidad, precioUnitario, UnidadesEnStock, unidadesEnPedido, nivelReorden, descontinuado) values (35, 'Neomycin', 35, 35, 'molestie', '¥681.56', 35, 35, 35, 1);
insert into Productos (idProducto, nombreProducto, idProvedor, idCategoria, cantidadPorUnidad, precioUnitario, UnidadesEnStock, unidadesEnPedido, nivelReorden, descontinuado) values (36, 'Abstral', 36, 36, 'nisi', '€497,32', 36, 36, 36, 1);
insert into Productos (idProducto, nombreProducto, idProvedor, idCategoria, cantidadPorUnidad, precioUnitario, UnidadesEnStock, unidadesEnPedido, nivelReorden, descontinuado) values (37, 'IBS', 37, 37, 'suspendisse', '$826.85', 37, 37, 37, 1);
insert into Productos (idProducto, nombreProducto, idProvedor, idCategoria, cantidadPorUnidad, precioUnitario, UnidadesEnStock, unidadesEnPedido, nivelReorden, descontinuado) values (38, 'Ibuprofen', 38, 38, 'ut ultrices', '$809.44', 38, 38, 38, 1);
insert into Productos (idProducto, nombreProducto, idProvedor, idCategoria, cantidadPorUnidad, precioUnitario, UnidadesEnStock, unidadesEnPedido, nivelReorden, descontinuado) values (39, 'Benztropine', 39, 39, 'dictumst etiam', '$648.98', 39, 39, 39, 1);
insert into Productos (idProducto, nombreProducto, idProvedor, idCategoria, cantidadPorUnidad, precioUnitario, UnidadesEnStock, unidadesEnPedido, nivelReorden, descontinuado) values (40, 'babies r us', 40, 40, 'et ultrices', '$430.66', 40, 40, 40, 1);
insert into Productos (idProducto, nombreProducto, idProvedor, idCategoria, cantidadPorUnidad, precioUnitario, UnidadesEnStock, unidadesEnPedido, nivelReorden, descontinuado) values (41, 'Derma', 41, 41, 'pellentesque', '€691,00', 41, 41, 41, 1);
insert into Productos (idProducto, nombreProducto, idProvedor, idCategoria, cantidadPorUnidad, precioUnitario, UnidadesEnStock, unidadesEnPedido, nivelReorden, descontinuado) values (42, 'LidoPro', 42, 42, 'et', '£746.14', 42, 42, 42, 1);
insert into Productos (idProducto, nombreProducto, idProvedor, idCategoria, cantidadPorUnidad, precioUnitario, UnidadesEnStock, unidadesEnPedido, nivelReorden, descontinuado) values (43, 'Irinotecan', 43, 43, 'vehicula', '€972,54', 43, 43, 43, 0);
insert into Productos (idProducto, nombreProducto, idProvedor, idCategoria, cantidadPorUnidad, precioUnitario, UnidadesEnStock, unidadesEnPedido, nivelReorden, descontinuado) values (44, 'Cymbalta', 44, 44, 'in lectus', '€843,00', 44, 44, 44, 0);
insert into Productos (idProducto, nombreProducto, idProvedor, idCategoria, cantidadPorUnidad, precioUnitario, UnidadesEnStock, unidadesEnPedido, nivelReorden, descontinuado) values (45, 'Pharmicell', 45, 45, 'eu', '¥502.60', 45, 45, 45, 0);
insert into Productos (idProducto, nombreProducto, idProvedor, idCategoria, cantidadPorUnidad, precioUnitario, UnidadesEnStock, unidadesEnPedido, nivelReorden, descontinuado) values (46, 'Hydroxy', 46, 46, 'sit', '€194,50', 46, 46, 46, 1);
insert into Productos (idProducto, nombreProducto, idProvedor, idCategoria, cantidadPorUnidad, precioUnitario, UnidadesEnStock, unidadesEnPedido, nivelReorden, descontinuado) values (47, 'LBel', 47, 47, 'magna ac', '¥786.15', 47, 47, 47, 0);
insert into Productos (idProducto, nombreProducto, idProvedor, idCategoria, cantidadPorUnidad, precioUnitario, UnidadesEnStock, unidadesEnPedido, nivelReorden, descontinuado) values (48, 'health', 48, 48, 'ultrices', '$76.56', 48, 48, 48, 0);
insert into Productos (idProducto, nombreProducto, idProvedor, idCategoria, cantidadPorUnidad, precioUnitario, UnidadesEnStock, unidadesEnPedido, nivelReorden, descontinuado) values (49, 'Etodolac', 49, 49, 'ac', '$859.04', 49, 49, 49, 0);
insert into Productos (idProducto, nombreProducto, idProvedor, idCategoria, cantidadPorUnidad, precioUnitario, UnidadesEnStock, unidadesEnPedido, nivelReorden, descontinuado) values (50, 'Lorazepam', 50, 50, 'eget', '£253.70', 50, 50, 50, 0);
set identity_insert "Productos" off
ALTER TABLE "Productos" CHECK CONSTRAINT ALL;

set identity_insert "CompaniasEnvio" on
ALTER TABLE "CompaniasEnvio" NOCHECK CONSTRAINT ALL;
insert into CompaniasEnvio (idCompaniaEnvio, nombreCompania, telefono) values (1, 'Torphy', '6118922191');
insert into CompaniasEnvio (idCompaniaEnvio, nombreCompania, telefono) values (2, 'Hermann', '4559925376');
insert into CompaniasEnvio (idCompaniaEnvio, nombreCompania, telefono) values (3, 'HaaMohr', '4176743965');
insert into CompaniasEnvio (idCompaniaEnvio, nombreCompania, telefono) values (4, 'Lakinm', '4592068324');
insert into CompaniasEnvio (idCompaniaEnvio, nombreCompania, telefono) values (5, 'KubHansen', '6964611720');
insert into CompaniasEnvio (idCompaniaEnvio, nombreCompania, telefono) values (6, 'Erdman', '6424804658');
insert into CompaniasEnvio (idCompaniaEnvio, nombreCompania, telefono) values (7, 'Wilderman', '6277919249');
insert into CompaniasEnvio (idCompaniaEnvio, nombreCompania, telefono) values (8, 'Moen', '8454361430');
insert into CompaniasEnvio (idCompaniaEnvio, nombreCompania, telefono) values (9, 'Dietrich', '8578212036');
insert into CompaniasEnvio (idCompaniaEnvio, nombreCompania, telefono) values (10, 'Jacobson', '8362836860');
insert into CompaniasEnvio (idCompaniaEnvio, nombreCompania, telefono) values (11, 'Reinger', '2663472461');
insert into CompaniasEnvio (idCompaniaEnvio, nombreCompania, telefono) values (12, 'Kunde', '1597736582');
insert into CompaniasEnvio (idCompaniaEnvio, nombreCompania, telefono) values (13, 'Schneider', '9845098433');
insert into CompaniasEnvio (idCompaniaEnvio, nombreCompania, telefono) values (14, 'Okuneva', '9535284755');
insert into CompaniasEnvio (idCompaniaEnvio, nombreCompania, telefono) values (15, 'Thompson', '5849310537');
insert into CompaniasEnvio (idCompaniaEnvio, nombreCompania, telefono) values (16, 'Pacocha', '1224507028');
insert into CompaniasEnvio (idCompaniaEnvio, nombreCompania, telefono) values (17, 'Torphy', '2651510680');
insert into CompaniasEnvio (idCompaniaEnvio, nombreCompania, telefono) values (18, 'Romaguera', '6573392573');
insert into CompaniasEnvio (idCompaniaEnvio, nombreCompania, telefono) values (19, 'Schumm', '4204426868');
insert into CompaniasEnvio (idCompaniaEnvio, nombreCompania, telefono) values (20, 'Auer', '9456428485');
insert into CompaniasEnvio (idCompaniaEnvio, nombreCompania, telefono) values (21, 'Altenwerth', '4325683430');
insert into CompaniasEnvio (idCompaniaEnvio, nombreCompania, telefono) values (22, 'Strosin', '9911680344');
insert into CompaniasEnvio (idCompaniaEnvio, nombreCompania, telefono) values (23, 'Casper', '6049405486');
insert into CompaniasEnvio (idCompaniaEnvio, nombreCompania, telefono) values (24, 'Kessler', '7865297053');
insert into CompaniasEnvio (idCompaniaEnvio, nombreCompania, telefono) values (25, 'Fahey', '7098380964');
insert into CompaniasEnvio (idCompaniaEnvio, nombreCompania, telefono) values (26, 'Ryan', '1401143512');
insert into CompaniasEnvio (idCompaniaEnvio, nombreCompania, telefono) values (27, 'Haag', '6263299841');
insert into CompaniasEnvio (idCompaniaEnvio, nombreCompania, telefono) values (28, 'Miller', '9983870202');
insert into CompaniasEnvio (idCompaniaEnvio, nombreCompania, telefono) values (29, 'Hickle', '4332042918');
insert into CompaniasEnvio (idCompaniaEnvio, nombreCompania, telefono) values (30, 'Crooks', '3828400651');
insert into CompaniasEnvio (idCompaniaEnvio, nombreCompania, telefono) values (31, 'PagacLC', '3884653186');
insert into CompaniasEnvio (idCompaniaEnvio, nombreCompania, telefono) values (32, 'CasperLC', '1849942712');
insert into CompaniasEnvio (idCompaniaEnvio, nombreCompania, telefono) values (33, 'BeattyInc', '8745057651');
insert into CompaniasEnvio (idCompaniaEnvio, nombreCompania, telefono) values (34, 'Blick', '8818593271');
insert into CompaniasEnvio (idCompaniaEnvio, nombreCompania, telefono) values (35, 'Hermis', '8687698723');
insert into CompaniasEnvio (idCompaniaEnvio, nombreCompania, telefono) values (36, 'Ortiz', '8404867052');
insert into CompaniasEnvio (idCompaniaEnvio, nombreCompania, telefono) values (37, 'Veum', '5837113504');
insert into CompaniasEnvio (idCompaniaEnvio, nombreCompania, telefono) values (38, 'Bosco', '2213737254');
insert into CompaniasEnvio (idCompaniaEnvio, nombreCompania, telefono) values (39, 'Conroy', '4694410520');
insert into CompaniasEnvio (idCompaniaEnvio, nombreCompania, telefono) values (40, 'Kessle', '7789000253');
insert into CompaniasEnvio (idCompaniaEnvio, nombreCompania, telefono) values (41, 'Murphy', '6457548813');
insert into CompaniasEnvio (idCompaniaEnvio, nombreCompania, telefono) values (42, 'Nader', '6626005265');
insert into CompaniasEnvio (idCompaniaEnvio, nombreCompania, telefono) values (43, 'Nitzsche', '1811988183');
insert into CompaniasEnvio (idCompaniaEnvio, nombreCompania, telefono) values (44, 'Lockman', '5268444240');
insert into CompaniasEnvio (idCompaniaEnvio, nombreCompania, telefono) values (45, 'Wiza', '8992184589');
insert into CompaniasEnvio (idCompaniaEnvio, nombreCompania, telefono) values (46, 'LoweLLC', '1954603045');
insert into CompaniasEnvio (idCompaniaEnvio, nombreCompania, telefono) values (47, 'Hagenes', '6586593821');
insert into CompaniasEnvio (idCompaniaEnvio, nombreCompania, telefono) values (48, 'Lynch', '4558484872');
insert into CompaniasEnvio (idCompaniaEnvio, nombreCompania, telefono) values (49, 'Dicki', '9415792840');
insert into CompaniasEnvio (idCompaniaEnvio, nombreCompania, telefono) values (50, 'Barton', '5955602818');
set identity_insert "CompaniasEnvio" off
ALTER TABLE "CompaniasEnvio" CHECK CONSTRAINT ALL;

set identity_insert "Pedidos" on
ALTER TABLE "Pedidos" NOCHECK CONSTRAINT ALL;
insert into Pedidos (idPedido, idCliente, idEmpleado, fechaPedido, fechaEntrega, fechaEnvio, viaEnvio, cargo, nombreDestinatario, direccionDestinatario, ciudadDestinatario, regionDestinatario, condigoPostalDestinatario, paisDestinatario) values (1, 1, 1, '2019-02-25 11:39:15', '2018-11-24 18:55:59', '2019-09-15 11:31:05', 1, '$237.54', 'Halsey Pratchett', '70 Ruskin Crossing', 'Buffalo', 'NY', '14210', 'United States');
insert into Pedidos (idPedido, idCliente, idEmpleado, fechaPedido, fechaEntrega, fechaEnvio, viaEnvio, cargo, nombreDestinatario, direccionDestinatario, ciudadDestinatario, regionDestinatario, condigoPostalDestinatario, paisDestinatario) values (2, 2, 2, '2019-06-06 07:59:34', '2019-03-26 16:45:01', '2019-06-14 13:56:40', 2, '¥19.97', 'Armstrong Shipsey', '13 Surrey Crossing', 'San Antonio', 'TX', '78265', 'United States');
insert into Pedidos (idPedido, idCliente, idEmpleado, fechaPedido, fechaEntrega, fechaEnvio, viaEnvio, cargo, nombreDestinatario, direccionDestinatario, ciudadDestinatario, regionDestinatario, condigoPostalDestinatario, paisDestinatario) values (3, 3, 3, '2018-11-27 20:54:58', '2019-07-20 23:52:08', '2019-09-06 10:44:38', 3, '¥624.12', 'Sheilakathryn Simmins', '37 Southridge Trail', 'Jefferson City', 'MO', '65105', 'United States');
insert into Pedidos (idPedido, idCliente, idEmpleado, fechaPedido, fechaEntrega, fechaEnvio, viaEnvio, cargo, nombreDestinatario, direccionDestinatario, ciudadDestinatario, regionDestinatario, condigoPostalDestinatario, paisDestinatario) values (4, 4, 4, '2019-10-17 06:16:32', '2019-03-04 10:32:47', '2019-05-22 17:45:03', 4, '¥360.37', 'Peadar Roon', '86179 International Way', 'Lincoln', 'NE', '68531', 'United States');
insert into Pedidos (idPedido, idCliente, idEmpleado, fechaPedido, fechaEntrega, fechaEnvio, viaEnvio, cargo, nombreDestinatario, direccionDestinatario, ciudadDestinatario, regionDestinatario, condigoPostalDestinatario, paisDestinatario) values (5, 5, 5, '2019-03-13 08:29:50', '2019-07-19 18:15:01', '2019-03-08 18:06:01', 5, '¥178.57', 'Nowell Naris', '39739 Mandrake Circle', 'Kansas City', 'MO', '64109', 'United States');
insert into Pedidos (idPedido, idCliente, idEmpleado, fechaPedido, fechaEntrega, fechaEnvio, viaEnvio, cargo, nombreDestinatario, direccionDestinatario, ciudadDestinatario, regionDestinatario, condigoPostalDestinatario, paisDestinatario) values (6, 6, 6, '2019-05-21 07:15:06', '2019-09-02 13:47:33', '2018-12-17 03:57:43', 6, '£845.80', 'Killian Yendle', '90 Golden Leaf Terrace', 'Cleveland', 'OH', '44111', 'United States');
insert into Pedidos (idPedido, idCliente, idEmpleado, fechaPedido, fechaEntrega, fechaEnvio, viaEnvio, cargo, nombreDestinatario, direccionDestinatario, ciudadDestinatario, regionDestinatario, condigoPostalDestinatario, paisDestinatario) values (7, 7, 7, '2019-01-10 19:10:15', '2019-09-25 17:28:39', '2019-02-21 17:08:13', 7, '$528.04', 'Allyce Flaverty', '642 Oak Valley Pass', 'Lexington', 'KY', '40586', 'United States');
insert into Pedidos (idPedido, idCliente, idEmpleado, fechaPedido, fechaEntrega, fechaEnvio, viaEnvio, cargo, nombreDestinatario, direccionDestinatario, ciudadDestinatario, regionDestinatario, condigoPostalDestinatario, paisDestinatario) values (8, 8, 8, '2019-07-15 01:56:58', '2019-01-14 12:44:54', '2019-03-17 02:16:25', 8, '¥521.35', 'Janie Utterson', '246 Manley Park', 'Chico', 'CA', '95973', 'United States');
insert into Pedidos (idPedido, idCliente, idEmpleado, fechaPedido, fechaEntrega, fechaEnvio, viaEnvio, cargo, nombreDestinatario, direccionDestinatario, ciudadDestinatario, regionDestinatario, condigoPostalDestinatario, paisDestinatario) values (9, 9, 9, '20190603', '20190602', '20190607', 9, '¥520.23', 'Vinson Ronci', '820 Messerschmidt Avenue', 'San Jose', 'CA', '95155', 'United States');
insert into Pedidos (idPedido, idCliente, idEmpleado, fechaPedido, fechaEntrega, fechaEnvio, viaEnvio, cargo, nombreDestinatario, direccionDestinatario, ciudadDestinatario, regionDestinatario, condigoPostalDestinatario, paisDestinatario) values (10, 10, 10, '20190603', '20190602', '20190607', 10, '$374.08', 'Ira Winterton', '206 Green Ridge Street', 'Durham', 'NC', '27705', 'United States');
insert into Pedidos (idPedido, idCliente, idEmpleado, fechaPedido, fechaEntrega, fechaEnvio, viaEnvio, cargo, nombreDestinatario, direccionDestinatario, ciudadDestinatario, regionDestinatario, condigoPostalDestinatario, paisDestinatario) values (11, 11, 11, '20190603', '20190602', '20190607', 11, '$817.75', 'Guillemette Ragate', '56177 Golf Pass', 'Dallas', 'TX', '75236', 'United States');
insert into Pedidos (idPedido, idCliente, idEmpleado, fechaPedido, fechaEntrega, fechaEnvio, viaEnvio, cargo, nombreDestinatario, direccionDestinatario, ciudadDestinatario, regionDestinatario, condigoPostalDestinatario, paisDestinatario) values (12, 12, 12, '20190603', '20190602', '20190607', 12, '¥832.10', 'Marv Hubbold', '55 International Court', 'Washington', 'DC', '20337', 'United States');
insert into Pedidos (idPedido, idCliente, idEmpleado, fechaPedido, fechaEntrega, fechaEnvio, viaEnvio, cargo, nombreDestinatario, direccionDestinatario, ciudadDestinatario, regionDestinatario, condigoPostalDestinatario, paisDestinatario) values (13, 13, 13, '20190603', '20190602', '20190607', 13, '$28.49', 'Josephine Hawgood', '61 Holmberg Road', 'Lancaster', 'CA', '93584', 'United States');
insert into Pedidos (idPedido, idCliente, idEmpleado, fechaPedido, fechaEntrega, fechaEnvio, viaEnvio, cargo, nombreDestinatario, direccionDestinatario, ciudadDestinatario, regionDestinatario, condigoPostalDestinatario, paisDestinatario) values (14, 14, 14, '20190603', '20190602', '20190607', 14, '£118.04', 'Ferd Dunstall', '57111 Boyd Plaza', 'Portsmouth', 'VA', '23705', 'United States');
insert into Pedidos (idPedido, idCliente, idEmpleado, fechaPedido, fechaEntrega, fechaEnvio, viaEnvio, cargo, nombreDestinatario, direccionDestinatario, ciudadDestinatario, regionDestinatario, condigoPostalDestinatario, paisDestinatario) values (15, 15, 15, '20190603', '20190602', '20190607', 15, '$875.18', 'Isidor Veivers', '7169 Elmside Pass', 'Hollywood', 'FL', '33028', 'United States');
insert into Pedidos (idPedido, idCliente, idEmpleado, fechaPedido, fechaEntrega, fechaEnvio, viaEnvio, cargo, nombreDestinatario, direccionDestinatario, ciudadDestinatario, regionDestinatario, condigoPostalDestinatario, paisDestinatario) values (16, 16, 16, '20190603', '20190602', '20190607', 16, '$779.46', 'Elke Somner', '882 Straubel Hill', 'Buffalo', 'NY', '14233', 'United States');
insert into Pedidos (idPedido, idCliente, idEmpleado, fechaPedido, fechaEntrega, fechaEnvio, viaEnvio, cargo, nombreDestinatario, direccionDestinatario, ciudadDestinatario, regionDestinatario, condigoPostalDestinatario, paisDestinatario) values (17, 17, 17, '20190603', '20190602', '20190607', 17, '£992.73', 'Morna Oliff', '8098 Rowland Circle', 'Fresno', 'CA', '93750', 'United States');
insert into Pedidos (idPedido, idCliente, idEmpleado, fechaPedido, fechaEntrega, fechaEnvio, viaEnvio, cargo, nombreDestinatario, direccionDestinatario, ciudadDestinatario, regionDestinatario, condigoPostalDestinatario, paisDestinatario) values (18, 18, 18, '20190603', '20190602', '20190607', 18, '¥544.27', 'Tuesday Hector', '784 Anniversary Lane', 'Boston', 'MA', '02208', 'United States');
insert into Pedidos (idPedido, idCliente, idEmpleado, fechaPedido, fechaEntrega, fechaEnvio, viaEnvio, cargo, nombreDestinatario, direccionDestinatario, ciudadDestinatario, regionDestinatario, condigoPostalDestinatario, paisDestinatario) values (19, 19, 19, '20190603', '20190602', '20190607', 19, '€164,12', 'Rafaelia Assante', '6748 Linden Trail', 'Washington', 'DC', '20319', 'United States');
insert into Pedidos (idPedido, idCliente, idEmpleado, fechaPedido, fechaEntrega, fechaEnvio, viaEnvio, cargo, nombreDestinatario, direccionDestinatario, ciudadDestinatario, regionDestinatario, condigoPostalDestinatario, paisDestinatario) values (20, 20, 20, '20190603', '20190602', '20190607', 20, '¥776.20', 'Putnem Tice', '419 Crest Line Road', 'Washington', 'DC', '20268', 'United States');
insert into Pedidos (idPedido, idCliente, idEmpleado, fechaPedido, fechaEntrega, fechaEnvio, viaEnvio, cargo, nombreDestinatario, direccionDestinatario, ciudadDestinatario, regionDestinatario, condigoPostalDestinatario, paisDestinatario) values (21, 21, 21, '20190603', '20190602', '20190607', 21, '¥828.97', 'Tybi Egell', '090 Swallow Point', 'Minneapolis', 'MN', '55487', 'United States');
insert into Pedidos (idPedido, idCliente, idEmpleado, fechaPedido, fechaEntrega, fechaEnvio, viaEnvio, cargo, nombreDestinatario, direccionDestinatario, ciudadDestinatario, regionDestinatario, condigoPostalDestinatario, paisDestinatario) values (22, 22, 22, '20190603', '20190602', '20190607', 22, '$78.39', 'Xenia Lonnon', '55 Barnett Terrace', 'Lansing', 'MI', '48956', 'United States');
insert into Pedidos (idPedido, idCliente, idEmpleado, fechaPedido, fechaEntrega, fechaEnvio, viaEnvio, cargo, nombreDestinatario, direccionDestinatario, ciudadDestinatario, regionDestinatario, condigoPostalDestinatario, paisDestinatario) values (23, 23, 23, '20190603', '20190602', '20190607', 23, '$65.20', 'Ronalda O'' Driscoll', '248 Columbus Trail', 'Atlanta', 'GA', '30386', 'United States');
insert into Pedidos (idPedido, idCliente, idEmpleado, fechaPedido, fechaEntrega, fechaEnvio, viaEnvio, cargo, nombreDestinatario, direccionDestinatario, ciudadDestinatario, regionDestinatario, condigoPostalDestinatario, paisDestinatario) values (24, 24, 24, '20190603', '20190602', '20190607', 24, '€228,37', 'Lorette Keeri', '83 Washington Way', 'Lincoln', 'NE', '68510', 'United States');
insert into Pedidos (idPedido, idCliente, idEmpleado, fechaPedido, fechaEntrega, fechaEnvio, viaEnvio, cargo, nombreDestinatario, direccionDestinatario, ciudadDestinatario, regionDestinatario, condigoPostalDestinatario, paisDestinatario) values (25, 25, 25, '20190603', '20190602', '20190607', 25, '¥751.52', 'Vikky Drew', '178 Bowman Lane', 'Miami', 'FL', '33233', 'United States');
insert into Pedidos (idPedido, idCliente, idEmpleado, fechaPedido, fechaEntrega, fechaEnvio, viaEnvio, cargo, nombreDestinatario, direccionDestinatario, ciudadDestinatario, regionDestinatario, condigoPostalDestinatario, paisDestinatario) values (26, 26, 26, '20190603', '20190602', '20190607', 26, '€482,42', 'Lawry Guidini', '4729 Reinke Hill', 'Denver', 'CO', '80223', 'United States');
insert into Pedidos (idPedido, idCliente, idEmpleado, fechaPedido, fechaEntrega, fechaEnvio, viaEnvio, cargo, nombreDestinatario, direccionDestinatario, ciudadDestinatario, regionDestinatario, condigoPostalDestinatario, paisDestinatario) values (27, 27, 27, '20190603', '20190602', '20190607', 27, '$880.46', 'Englebert Readwood', '84902 Arrowood Crossing', 'Buffalo', 'NY', '14225', 'United States');
insert into Pedidos (idPedido, idCliente, idEmpleado, fechaPedido, fechaEntrega, fechaEnvio, viaEnvio, cargo, nombreDestinatario, direccionDestinatario, ciudadDestinatario, regionDestinatario, condigoPostalDestinatario, paisDestinatario) values (28, 28, 28, '20190603', '20190602', '20190607', 28, '$448.85', 'Nathaniel Danelutti', '9216 Fisk Hill', 'Kansas City', 'KS', '66112', 'United States');
insert into Pedidos (idPedido, idCliente, idEmpleado, fechaPedido, fechaEntrega, fechaEnvio, viaEnvio, cargo, nombreDestinatario, direccionDestinatario, ciudadDestinatario, regionDestinatario, condigoPostalDestinatario, paisDestinatario) values (29, 29, 29, '20190603', '20190602', '20190607', 29, '€237,37', 'Meris MacGillespie', '42801 Golden Leaf Trail', 'Tulsa', 'OK', '74103', 'United States');
insert into Pedidos (idPedido, idCliente, idEmpleado, fechaPedido, fechaEntrega, fechaEnvio, viaEnvio, cargo, nombreDestinatario, direccionDestinatario, ciudadDestinatario, regionDestinatario, condigoPostalDestinatario, paisDestinatario) values (30, 30, 30, '20190603', '20190602', '20190607', 30, '€922,64', 'Emlynn Shropshire', '001 Forster Avenue', 'Albany', 'NY', '12222', 'United States');
insert into Pedidos (idPedido, idCliente, idEmpleado, fechaPedido, fechaEntrega, fechaEnvio, viaEnvio, cargo, nombreDestinatario, direccionDestinatario, ciudadDestinatario, regionDestinatario, condigoPostalDestinatario, paisDestinatario) values (31, 31, 31, '20190603', '20190602', '20190607', 31, '$673.96', 'Kennedy Netherclift', '704 Comanche Junction', 'Honolulu', 'HI', '96850', 'United States');
insert into Pedidos (idPedido, idCliente, idEmpleado, fechaPedido, fechaEntrega, fechaEnvio, viaEnvio, cargo, nombreDestinatario, direccionDestinatario, ciudadDestinatario, regionDestinatario, condigoPostalDestinatario, paisDestinatario) values (32, 32, 32, '20190603', '20190602', '20190607', 32, '¥320.44', 'Meier Jakolevitch', '26 Cody Lane', 'Kansas City', 'MO', '64136', 'United States');
insert into Pedidos (idPedido, idCliente, idEmpleado, fechaPedido, fechaEntrega, fechaEnvio, viaEnvio, cargo, nombreDestinatario, direccionDestinatario, ciudadDestinatario, regionDestinatario, condigoPostalDestinatario, paisDestinatario) values (33, 33, 33, '20190603', '20190602', '20190607', 33, '£507.28', 'Billye Woolcocks', '63 Beilfuss Street', 'Rochester', 'NY', '14652', 'United States');
insert into Pedidos (idPedido, idCliente, idEmpleado, fechaPedido, fechaEntrega, fechaEnvio, viaEnvio, cargo, nombreDestinatario, direccionDestinatario, ciudadDestinatario, regionDestinatario, condigoPostalDestinatario, paisDestinatario) values (34, 34, 34, '20190603', '20190602', '20190607', 34, '¥924.58', 'Kristo Haine', '36 Badeau Drive', 'Colorado', 'CO', '80951', 'United States');
insert into Pedidos (idPedido, idCliente, idEmpleado, fechaPedido, fechaEntrega, fechaEnvio, viaEnvio, cargo, nombreDestinatario, direccionDestinatario, ciudadDestinatario, regionDestinatario, condigoPostalDestinatario, paisDestinatario) values (35, 35, 35, '20190603', '20190602', '20190607', 35, '£418.63', 'Orsa Jackes', '7 Muir Crossing', 'Honolulu', 'HI', '96805', 'United States');
insert into Pedidos (idPedido, idCliente, idEmpleado, fechaPedido, fechaEntrega, fechaEnvio, viaEnvio, cargo, nombreDestinatario, direccionDestinatario, ciudadDestinatario, regionDestinatario, condigoPostalDestinatario, paisDestinatario) values (36, 36, 36, '20190603', '20190602', '20190607', 36, '€918,64', 'Cary Lowless', '3 Gina Center', 'Ventura', 'CA', '93005', 'United States');
insert into Pedidos (idPedido, idCliente, idEmpleado, fechaPedido, fechaEntrega, fechaEnvio, viaEnvio, cargo, nombreDestinatario, direccionDestinatario, ciudadDestinatario, regionDestinatario, condigoPostalDestinatario, paisDestinatario) values (37, 37, 37, '20190603', '20190602', '20190607', 37, '€283,56', 'Blaire Wherrit', '0797 Parkside Road', 'Punta Gorda', 'FL', '33982', 'United States');
insert into Pedidos (idPedido, idCliente, idEmpleado, fechaPedido, fechaEntrega, fechaEnvio, viaEnvio, cargo, nombreDestinatario, direccionDestinatario, ciudadDestinatario, regionDestinatario, condigoPostalDestinatario, paisDestinatario) values (38, 38, 38, '20190603', '20190602', '20190607', 38, '€479,22', 'Leyla Lipman', '6889 Buell Place', 'London', 'KY', '40745', 'United States');
insert into Pedidos (idPedido, idCliente, idEmpleado, fechaPedido, fechaEntrega, fechaEnvio, viaEnvio, cargo, nombreDestinatario, direccionDestinatario, ciudadDestinatario, regionDestinatario, condigoPostalDestinatario, paisDestinatario) values (39, 39, 39, '20190603', '20190602', '20190607', 39, '€952,91', 'Aili Ventam', '5 Steensland Place', 'Katy', 'TX', '77493', 'United States');
insert into Pedidos (idPedido, idCliente, idEmpleado, fechaPedido, fechaEntrega, fechaEnvio, viaEnvio, cargo, nombreDestinatario, direccionDestinatario, ciudadDestinatario, regionDestinatario, condigoPostalDestinatario, paisDestinatario) values (40, 40, 40, '20190603', '20190602', '20190607', 40, '€173,60', 'Albie Massey', '863 Killdeer Way', 'Pompano Beach', 'FL', '33064', 'United States');
insert into Pedidos (idPedido, idCliente, idEmpleado, fechaPedido, fechaEntrega, fechaEnvio, viaEnvio, cargo, nombreDestinatario, direccionDestinatario, ciudadDestinatario, regionDestinatario, condigoPostalDestinatario, paisDestinatario) values (41, 41, 41, '20190603', '20190602', '20190607', 41, '$123.08', 'Margot Tomalin', '70 Gateway Way', 'Dallas', 'TX', '75372', 'United States');
insert into Pedidos (idPedido, idCliente, idEmpleado, fechaPedido, fechaEntrega, fechaEnvio, viaEnvio, cargo, nombreDestinatario, direccionDestinatario, ciudadDestinatario, regionDestinatario, condigoPostalDestinatario, paisDestinatario) values (42, 42, 42, '20190603', '20190602', '20190607', 42, '€350,31', 'Doe Bamsey', '08 Grover Plaza', 'Fort Lauderdale', 'FL', '33320', 'United States');
insert into Pedidos (idPedido, idCliente, idEmpleado, fechaPedido, fechaEntrega, fechaEnvio, viaEnvio, cargo, nombreDestinatario, direccionDestinatario, ciudadDestinatario, regionDestinatario, condigoPostalDestinatario, paisDestinatario) values (43, 43, 43, '20190603', '20190602', '20190607', 43, '¥895.40', 'Ingaberg Malloch', '94 Jenifer Trail', 'Louisville', 'KY', '40287', 'United States');
insert into Pedidos (idPedido, idCliente, idEmpleado, fechaPedido, fechaEntrega, fechaEnvio, viaEnvio, cargo, nombreDestinatario, direccionDestinatario, ciudadDestinatario, regionDestinatario, condigoPostalDestinatario, paisDestinatario) values (44, 44, 44, '20190603', '20190602', '20190607', 44, '£446.25', 'Luca Bartkiewicz', '3536 Mariners Cove Hill', 'Charleston', 'WV', '25356', 'United States');
insert into Pedidos (idPedido, idCliente, idEmpleado, fechaPedido, fechaEntrega, fechaEnvio, viaEnvio, cargo, nombreDestinatario, direccionDestinatario, ciudadDestinatario, regionDestinatario, condigoPostalDestinatario, paisDestinatario) values (45, 45, 45, '20190603', '20190602', '20190607', 45, '¥416.14', 'Hubey Pighills', '03732 Fieldstone Crossing', 'Dayton', 'OH', '45426', 'United States');
insert into Pedidos (idPedido, idCliente, idEmpleado, fechaPedido, fechaEntrega, fechaEnvio, viaEnvio, cargo, nombreDestinatario, direccionDestinatario, ciudadDestinatario, regionDestinatario, condigoPostalDestinatario, paisDestinatario) values (46, 46, 46, '20190603', '20190602', '20190607', 46, '$750.27', 'Nessa Wickwar', '1 Independence Court', 'Fort Worth', 'TX', '76192', 'United States');
insert into Pedidos (idPedido, idCliente, idEmpleado, fechaPedido, fechaEntrega, fechaEnvio, viaEnvio, cargo, nombreDestinatario, direccionDestinatario, ciudadDestinatario, regionDestinatario, condigoPostalDestinatario, paisDestinatario) values (47, 47, 47, '20190603', '20190602', '20190607', 47, '£119.47', 'Gan Casemore', '29812 Union Court', 'Salt Lake City', 'UT', '84125', 'United States');
insert into Pedidos (idPedido, idCliente, idEmpleado, fechaPedido, fechaEntrega, fechaEnvio, viaEnvio, cargo, nombreDestinatario, direccionDestinatario, ciudadDestinatario, regionDestinatario, condigoPostalDestinatario, paisDestinatario) values (48, 48, 48, '20190603', '20190602', '20190607', 48, '¥681.51', 'Alanson Cartmale', '2523 6th Center', 'Stockton', 'CA', '95219', 'United States');
insert into Pedidos (idPedido, idCliente, idEmpleado, fechaPedido, fechaEntrega, fechaEnvio, viaEnvio, cargo, nombreDestinatario, direccionDestinatario, ciudadDestinatario, regionDestinatario, condigoPostalDestinatario, paisDestinatario) values (49, 49, 49, '20190603', '20190602', '20190607', 49, '£526.54', 'Elli Durrington', '636 Fordem Terrace', 'Anniston', 'AL', '36205', 'United States');
insert into Pedidos (idPedido, idCliente, idEmpleado, fechaPedido, fechaEntrega, fechaEnvio, viaEnvio, cargo, nombreDestinatario, direccionDestinatario, ciudadDestinatario, regionDestinatario, condigoPostalDestinatario, paisDestinatario) values (50, 50, 50, '20190603', '20190602', '20190607', 50, '$591.48', 'Sabine Knapman', '58 School Road', 'Fort Worth', 'TX', '76192', 'United States');
set identity_insert "Pedidos" off
ALTER TABLE "Pedidos" CHECK CONSTRAINT ALL;

insert into Clientes (idCliente, nombreCompania, nombreContacto, cargoContacto, direccion, ciudad, region, codigoPostal, pais, telefono, fax) values (2, 'Senger', 'Cynthea Egdal', 'quisque', '00612 Derek Avenue', 'Charlottesville', 'VA', '22908', 'United States', '4345527493', '763-597-1876');
insert into Clientes (idCliente, nombreCompania, nombreContacto, cargoContacto, direccion, ciudad, region, codigoPostal, pais, telefono, fax) values (3, 'RunteUllrich', 'Alon Magrane', 'libero non', '0606 Lyons Circle', 'Honolulu', 'HI', '96850', 'United States', '8083156674', '727-223-4547');
insert into Clientes (idCliente, nombreCompania, nombreContacto, cargoContacto, direccion, ciudad, region, codigoPostal, pais, telefono, fax) values (4, 'WaelchiEichmann', 'Ericka Pococke', 'eget', '125 Express Circle', 'Oklahoma City', 'OK', '73157', 'United States', '4059687251', '303-736-0776');
insert into Clientes (idCliente, nombreCompania, nombreContacto, cargoContacto, direccion, ciudad, region, codigoPostal, pais, telefono, fax) values (5, 'Hacketts', 'Lucine Foden', 'ipsum praesent', '88 Clove Trail', 'Pensacola', 'FL', '32520', 'United States', '8507804739', '859-684-2977');
insert into Clientes (idCliente, nombreCompania, nombreContacto, cargoContacto, direccion, ciudad, region, codigoPostal, pais, telefono, fax) values (6, 'CreminGroup', 'Leona Edgeson', 'felis donec', '83 Hanson Alley', 'Miami', 'FL', '33158', 'United States', '3058188102', '504-748-9248');
insert into Clientes (idCliente, nombreCompania, nombreContacto, cargoContacto, direccion, ciudad, region, codigoPostal, pais, telefono, fax) values (7, 'Durgan', 'Frants Ingram', 'aliquam', '8076 Burning Wood Place', 'Albuquerque', 'NM', '87195', 'United States', '5051618525', '253-863-5732');
insert into Clientes (idCliente, nombreCompania, nombreContacto, cargoContacto, direccion, ciudad, region, codigoPostal, pais, telefono, fax) values (8, 'Skilese', 'Adore Monkleigh', 'sapien varius', '9012 Lotheville Way', 'Ashburn', 'VA', '22093', 'United States', '5711949486', '410-877-7251');
insert into Clientes (idCliente, nombreCompania, nombreContacto, cargoContacto, direccion, ciudad, region, codigoPostal, pais, telefono, fax) values (9, 'Moore', 'Betta Keeney', 'faucibus', '057 Stoughton Drive', 'New Haven', 'CT', '06538', 'United States', '2031850295', '850-547-2684');
insert into Clientes (idCliente, nombreCompania, nombreContacto, cargoContacto, direccion, ciudad, region, codigoPostal, pais, telefono, fax) values (10, 'Corwinn', 'Lillian Warlock', 'curae nulla', '1 Longview Trail', 'Lafayette', 'LA', '70593', 'United States', '3371668681', '941-601-7404');
insert into Clientes (idCliente, nombreCompania, nombreContacto, cargoContacto, direccion, ciudad, region, codigoPostal, pais, telefono, fax) values (11, 'Lindp', 'Ashly Stripp', 'ac enim', '8062 Maple Wood Avenue', 'Arlington', 'VA', '22234', 'United States', '5714368525', '626-943-0934');
insert into Clientes (idCliente, nombreCompania, nombreContacto, cargoContacto, direccion, ciudad, region, codigoPostal, pais, telefono, fax) values (12, 'Runolfssona', 'Keary O''Fogarty', 'id massa', '082 Everett Hill', 'Tacoma', 'WA', '98481', 'United States', '2539359081', '757-628-2588');
insert into Clientes (idCliente, nombreCompania, nombreContacto, cargoContacto, direccion, ciudad, region, codigoPostal, pais, telefono, fax) values (13, 'Effertzn', 'Jennette Lindback', 'magna', '5 Lukken Hill', 'Boise', 'ID', '83711', 'United States', '2087823851', '225-647-8303');
insert into Clientes (idCliente, nombreCompania, nombreContacto, cargoContacto, direccion, ciudad, region, codigoPostal, pais, telefono, fax) values (14, 'Dibbert', 'Carolin Charnick', 'maecenas pulvinar', '68240 Prairie Rose Parkway', 'Meridian', 'MS', '39305', 'United States', '6013022849', '251-383-3699');
insert into Clientes (idCliente, nombreCompania, nombreContacto, cargoContacto, direccion, ciudad, region, codigoPostal, pais, telefono, fax) values (15, 'Pacocha', 'Win Wimpenny', 'tortor duis', '8 Sherman Hill', 'Houston', 'TX', '77228', 'United States', '7131207249', '706-223-3489');
insert into Clientes (idCliente, nombreCompania, nombreContacto, cargoContacto, direccion, ciudad, region, codigoPostal, pais, telefono, fax) values (16, 'Boehm', 'Danila Tester', 'accumsan odio', '26757 Wayridge Trail', 'Topeka', 'KS', '66629', 'United States', '7858671571', '516-569-1248');
insert into Clientes (idCliente, nombreCompania, nombreContacto, cargoContacto, direccion, ciudad, region, codigoPostal, pais, telefono, fax) values (17, 'Schimmel', 'Wallis Higgonet', 'vivamus vel', '56985 Spohn Plaza', 'Pomona', 'CA', '91797', 'United States', '9093536177', '479-760-4500');
insert into Clientes (idCliente, nombreCompania, nombreContacto, cargoContacto, direccion, ciudad, region, codigoPostal, pais, telefono, fax) values (18, 'Cormier', 'Livvyy Huxley', 'ligula', '9 Moulton Lane', 'Orlando', 'FL', '32813', 'United States', '4073966188', '203-312-0784');
insert into Clientes (idCliente, nombreCompania, nombreContacto, cargoContacto, direccion, ciudad, region, codigoPostal, pais, telefono, fax) values (19, 'Christiansen', 'Samson Bragginton', 'morbi quis', '275 Brentwood Pass', 'Tampa', 'FL', '33610', 'United States', '8135332407', '850-468-1866');
insert into Clientes (idCliente, nombreCompania, nombreContacto, cargoContacto, direccion, ciudad, region, codigoPostal, pais, telefono, fax) values (20, 'Armstrong', 'Goober Duddy', 'parturient', '3363 Lakewood Lane', 'Monroe', 'LA', '71213', 'United States', '3187727612', '404-787-1938');
insert into Clientes (idCliente, nombreCompania, nombreContacto, cargoContacto, direccion, ciudad, region, codigoPostal, pais, telefono, fax) values (21, 'Carroll', 'Wendall Davydychev', 'sapien', '9 Westend Parkway', 'Tuscaloosa', 'AL', '35405', 'United States', '2055163790', '512-113-7954');
insert into Clientes (idCliente, nombreCompania, nombreContacto, cargoContacto, direccion, ciudad, region, codigoPostal, pais, telefono, fax) values (22, 'Kozey', 'Jarvis Pettingill', 'imperdiet nullam', '9 Dwight Trail', 'Shreveport', 'LA', '71161', 'United States', '3183003576', '484-186-8916');
insert into Clientes (idCliente, nombreCompania, nombreContacto, cargoContacto, direccion, ciudad, region, codigoPostal, pais, telefono, fax) values (23, 'Gleichns', 'Dania Lashley', 'cursus urna', '17625 Northwestern Way', 'Boston', 'MA', '02283', 'United States', '6172065853', '719-734-1307');
insert into Clientes (idCliente, nombreCompania, nombreContacto, cargoContacto, direccion, ciudad, region, codigoPostal, pais, telefono, fax) values (24, 'Hilpert', 'Cliff McVee', 'ligula sit', '125 Acker Terrace', 'Austin', 'TX', '78749', 'United States', '5125304692', '646-945-5849');
insert into Clientes (idCliente, nombreCompania, nombreContacto, cargoContacto, direccion, ciudad, region, codigoPostal, pais, telefono, fax) values (25, 'McGlynnk', 'Dulci Crannage', 'est', '63 Prentice Hill', 'Norfolk', 'VA', '23520', 'United States', '7573732579', '480-245-7056');
insert into Clientes (idCliente, nombreCompania, nombreContacto, cargoContacto, direccion, ciudad, region, codigoPostal, pais, telefono, fax) values (26, 'Rempel', 'Bevon Jimson', 'maecenas tristique', '1 Toban Drive', 'Dayton', 'OH', '45403', 'United States', '9375650500', '504-100-5240');
insert into Clientes (idCliente, nombreCompania, nombreContacto, cargoContacto, direccion, ciudad, region, codigoPostal, pais, telefono, fax) values (27, 'Leuschken', 'Dickie Stove', 'nisi', '158 La Follette Place', 'Pittsburgh', 'PA', '15205', 'United States', '4127465100', '615-567-8085');
insert into Clientes (idCliente, nombreCompania, nombreContacto, cargoContacto, direccion, ciudad, region, codigoPostal, pais, telefono, fax) values (28, 'WeberGroup', 'Nicoline MacCumeskey', 'urna', '339 Sullivan Pass', 'Scottsdale', 'AZ', '85255', 'United States', '4806632939', '850-139-6736');
insert into Clientes (idCliente, nombreCompania, nombreContacto, cargoContacto, direccion, ciudad, region, codigoPostal, pais, telefono, fax) values (29, 'Gerlach', 'Eben Britt', 'montes nascetur', '0677 Arizona Center', 'Fort Lauderdale', 'FL', '33320', 'United States', '7541129047', '305-245-1593');
insert into Clientes (idCliente, nombreCompania, nombreContacto, cargoContacto, direccion, ciudad, region, codigoPostal, pais, telefono, fax) values (30, 'McClure', 'Reinaldo Abramowitz', 'luctus cum', '95 Lotheville Circle', 'Louisville', 'KY', '40233', 'United States', '5026740372', '813-456-0030');
insert into Clientes (idCliente, nombreCompania, nombreContacto, cargoContacto, direccion, ciudad, region, codigoPostal, pais, telefono, fax) values (31, 'Graham, Lehner and Sipes', 'Yorker Bayle', 'fringilla rhoncus', '425 Jackson Center', 'Minneapolis', 'MN', '55448', 'United States', '7638862305', '260-760-5535');
insert into Clientes (idCliente, nombreCompania, nombreContacto, cargoContacto, direccion, ciudad, region, codigoPostal, pais, telefono, fax) values (32, 'Hirthe', 'Farly Simmon', 'ultrices aliquet', '7502 Bowman Way', 'Prescott', 'AZ', '86305', 'United States', '5202524391', '608-816-6306');
insert into Clientes (idCliente, nombreCompania, nombreContacto, cargoContacto, direccion, ciudad, region, codigoPostal, pais, telefono, fax) values (33, 'Brakus', 'Darin Hyndson', 'auctor', '610 Clarendon Point', 'New Orleans', 'LA', '70179', 'United States', '5042840366', '865-694-1697');
insert into Clientes (idCliente, nombreCompania, nombreContacto, cargoContacto, direccion, ciudad, region, codigoPostal, pais, telefono, fax) values (34, 'Satterfield', 'Quill Heine', 'massa tempor', '3 Springs Drive', 'Omaha', 'NE', '68197', 'United States', '4029367702', '805-836-3225');
insert into Clientes (idCliente, nombreCompania, nombreContacto, cargoContacto, direccion, ciudad, region, codigoPostal, pais, telefono, fax) values (35, 'Denesik-Klocko', 'Hercule Fitton', 'tempus', '7121 Clyde Gallagher Lane', 'Louisville', 'KY', '40293', 'United States', '5021625135', '202-513-2089');
insert into Clientes (idCliente, nombreCompania, nombreContacto, cargoContacto, direccion, ciudad, region, codigoPostal, pais, telefono, fax) values (36, 'Will-Kohler', 'Willis Renehan', 'eleifend', '87547 Bobwhite Trail', 'Cleveland', 'OH', '44118', 'United States', '2163447685', '814-198-7235');
insert into Clientes (idCliente, nombreCompania, nombreContacto, cargoContacto, direccion, ciudad, region, codigoPostal, pais, telefono, fax) values (37, 'Aufderhar Group', 'Sande Zipsell', 'purus aliquet', '8583 Pearson Drive', 'Orlando', 'FL', '32885', 'United States', '4072702629', '401-235-9433');
insert into Clientes (idCliente, nombreCompania, nombreContacto, cargoContacto, direccion, ciudad, region, codigoPostal, pais, telefono, fax) values (38, 'Robel, Lowe and Ryan', 'Elvis Rakestraw', 'ut suscipit', '73036 Dixon Street', 'Chicago', 'IL', '60614', 'United States', '3129871716', '904-600-2333');
insert into Clientes (idCliente, nombreCompania, nombreContacto, cargoContacto, direccion, ciudad, region, codigoPostal, pais, telefono, fax) values (39, 'Howe and Sons', 'Umeko Paskerful', 'eleifend quam', '365 1st Way', 'Sacramento', 'CA', '94250', 'United States', '9169308732', '619-887-9963');
insert into Clientes (idCliente, nombreCompania, nombreContacto, cargoContacto, direccion, ciudad, region, codigoPostal, pais, telefono, fax) values (40, 'Johnston, Luettgen and Satterfield', 'Madelon Houltham', 'placerat', '1966 1st Crossing', 'Louisville', 'KY', '40256', 'United States', '5023845916', '954-121-1809');
insert into Clientes (idCliente, nombreCompania, nombreContacto, cargoContacto, direccion, ciudad, region, codigoPostal, pais, telefono, fax) values (41, 'Morissette Inc', 'Zebulen Bathurst', 'consequat', '16966 Monterey Drive', 'Muncie', 'IN', '47306', 'United States', '7654284754', '608-579-0220');
insert into Clientes (idCliente, nombreCompania, nombreContacto, cargoContacto, direccion, ciudad, region, codigoPostal, pais, telefono, fax) values (42, 'Wolf, Connelly and Kuvalis', 'Biron Ambrogiotti', 'viverra', '98 Crest Line Hill', 'Newark', 'NJ', '07104', 'United States', '9739495429', '619-423-9333');
insert into Clientes (idCliente, nombreCompania, nombreContacto, cargoContacto, direccion, ciudad, region, codigoPostal, pais, telefono, fax) values (43, 'Conroy-Goldner', 'Ramona Moretto', 'vulputate vitae', '7 Forster Hill', 'Austin', 'TX', '78789', 'United States', '5124735321', '832-208-0446');
insert into Clientes (idCliente, nombreCompania, nombreContacto, cargoContacto, direccion, ciudad, region, codigoPostal, pais, telefono, fax) values (44, 'Lebsack Group', 'Gavan Poznan', 'integer aliquet', '387 Moland Alley', 'Glendale', 'AZ', '85311', 'United States', '6027011087', '239-237-6302');
insert into Clientes (idCliente, nombreCompania, nombreContacto, cargoContacto, direccion, ciudad, region, codigoPostal, pais, telefono, fax) values (45, 'O''Kon LLC', 'Salem Hartwright', 'est', '4 Old Shore Pass', 'Dallas', 'TX', '75353', 'United States', '2144623117', '412-645-4255');
insert into Clientes (idCliente, nombreCompania, nombreContacto, cargoContacto, direccion, ciudad, region, codigoPostal, pais, telefono, fax) values (46, 'Franecki-Kihn', 'Rayner Prandoni', 'suspendisse', '08350 Muir Alley', 'Philadelphia', 'PA', '19125', 'United States', '2152704364', '202-638-2158');
insert into Clientes (idCliente, nombreCompania, nombreContacto, cargoContacto, direccion, ciudad, region, codigoPostal, pais, telefono, fax) values (47, 'Marquardt LLC', 'Casandra Hassen', 'mauris vulputate', '07555 Continental Way', 'Lancaster', 'CA', '93584', 'United States', '6619884083', '814-472-9582');
insert into Clientes (idCliente, nombreCompania, nombreContacto, cargoContacto, direccion, ciudad, region, codigoPostal, pais, telefono, fax) values (48, 'Deckow-Streich', 'Terri Rubinow', 'ultrices phasellus', '324 Banding Drive', 'Saginaw', 'MI', '48604', 'United States', '9898519965', '405-867-8983');
insert into Clientes (idCliente, nombreCompania, nombreContacto, cargoContacto, direccion, ciudad, region, codigoPostal, pais, telefono, fax) values (49, 'Rodriguez, Torp and Beatty', 'Gunther Matteoni', 'vestibulum', '2652 Ilene Way', 'Austin', 'TX', '78721', 'United States', '5125494336', '614-540-2272');
insert into Clientes (idCliente, nombreCompania, nombreContacto, cargoContacto, direccion, ciudad, region, codigoPostal, pais, telefono, fax) values (50, 'Wolf, Little and Erdman', 'Hunt Varley', 'molestie', '21234 Judy Drive', 'Kansas City', 'MO', '64114', 'United States', '8166939014', '812-923-1414');

insert into DetallesPedido (idPedido, idProducto, precioUnitario, cantidad, descuento) values (1, 1, '€576,20', 1, 15.67);
insert into DetallesPedido (idPedido, idProducto, precioUnitario, cantidad, descuento) values (2, 2, '¥952.70', 2, 1.23);
insert into DetallesPedido (idPedido, idProducto, precioUnitario, cantidad, descuento) values (3, 3, '$143.48', 3, 55.93);
insert into DetallesPedido (idPedido, idProducto, precioUnitario, cantidad, descuento) values (4, 4, '€112,00', 4, 13.35);
insert into DetallesPedido (idPedido, idProducto, precioUnitario, cantidad, descuento) values (5, 5, '$227.62', 5, 50.24);
insert into DetallesPedido (idPedido, idProducto, precioUnitario, cantidad, descuento) values (6, 6, '€368,05', 6, 38.62);
insert into DetallesPedido (idPedido, idProducto, precioUnitario, cantidad, descuento) values (7, 7, '£203.82', 7, 20.94);
insert into DetallesPedido (idPedido, idProducto, precioUnitario, cantidad, descuento) values (8, 8, '¥917.40', 8, 88.46);
insert into DetallesPedido (idPedido, idProducto, precioUnitario, cantidad, descuento) values (9, 9, '$407.83', 9, 61.47);
insert into DetallesPedido (idPedido, idProducto, precioUnitario, cantidad, descuento) values (10, 10, '$856.73', 10, 39.1);
insert into DetallesPedido (idPedido, idProducto, precioUnitario, cantidad, descuento) values (11, 11, '$802.41', 11, 52.4);
insert into DetallesPedido (idPedido, idProducto, precioUnitario, cantidad, descuento) values (12, 12, '$381.31', 12, 15.96);
insert into DetallesPedido (idPedido, idProducto, precioUnitario, cantidad, descuento) values (13, 13, '£846.23', 13, 8.42);
insert into DetallesPedido (idPedido, idProducto, precioUnitario, cantidad, descuento) values (14, 14, '£839.67', 14, 97.31);
insert into DetallesPedido (idPedido, idProducto, precioUnitario, cantidad, descuento) values (15, 15, '£111.33', 15, 8.5);
insert into DetallesPedido (idPedido, idProducto, precioUnitario, cantidad, descuento) values (16, 16, '$498.11', 16, 27.02);
insert into DetallesPedido (idPedido, idProducto, precioUnitario, cantidad, descuento) values (17, 17, '€230,01', 17, 98.3);
insert into DetallesPedido (idPedido, idProducto, precioUnitario, cantidad, descuento) values (18, 18, '€472,34', 18, 27.8);
insert into DetallesPedido (idPedido, idProducto, precioUnitario, cantidad, descuento) values (19, 19, '¥47.71', 19, 63.26);
insert into DetallesPedido (idPedido, idProducto, precioUnitario, cantidad, descuento) values (20, 20, '€122,30', 20, 61.47);
insert into DetallesPedido (idPedido, idProducto, precioUnitario, cantidad, descuento) values (21, 21, '€185,07', 21, 41.89);
insert into DetallesPedido (idPedido, idProducto, precioUnitario, cantidad, descuento) values (22, 22, '$258.09', 22, 20.46);
insert into DetallesPedido (idPedido, idProducto, precioUnitario, cantidad, descuento) values (23, 23, '€349,99', 23, 21.1);
insert into DetallesPedido (idPedido, idProducto, precioUnitario, cantidad, descuento) values (24, 24, '$753.69', 24, 29.11);
insert into DetallesPedido (idPedido, idProducto, precioUnitario, cantidad, descuento) values (25, 25, '£268.15', 25, 24.11);
insert into DetallesPedido (idPedido, idProducto, precioUnitario, cantidad, descuento) values (26, 26, '¥901.74', 26, 31.9);
insert into DetallesPedido (idPedido, idProducto, precioUnitario, cantidad, descuento) values (27, 27, '¥324.82', 27, 70.62);
insert into DetallesPedido (idPedido, idProducto, precioUnitario, cantidad, descuento) values (28, 28, '$765.86', 28, 60.32);
insert into DetallesPedido (idPedido, idProducto, precioUnitario, cantidad, descuento) values (29, 29, '€805,14', 29, 12.92);
insert into DetallesPedido (idPedido, idProducto, precioUnitario, cantidad, descuento) values (30, 30, '€609,16', 30, 33.7);
insert into DetallesPedido (idPedido, idProducto, precioUnitario, cantidad, descuento) values (31, 31, '€454,07', 31, 98.97);
insert into DetallesPedido (idPedido, idProducto, precioUnitario, cantidad, descuento) values (32, 32, '$26.38', 32, 89.59);
insert into DetallesPedido (idPedido, idProducto, precioUnitario, cantidad, descuento) values (33, 33, '£173.24', 33, 69.1);
insert into DetallesPedido (idPedido, idProducto, precioUnitario, cantidad, descuento) values (34, 34, '£286.95', 34, 9.89);
insert into DetallesPedido (idPedido, idProducto, precioUnitario, cantidad, descuento) values (35, 35, '$436.54', 35, 37.3);
insert into DetallesPedido (idPedido, idProducto, precioUnitario, cantidad, descuento) values (36, 36, '€99,54', 36, 4.39);
insert into DetallesPedido (idPedido, idProducto, precioUnitario, cantidad, descuento) values (37, 37, '$720.19', 37, 64.93);
insert into DetallesPedido (idPedido, idProducto, precioUnitario, cantidad, descuento) values (38, 38, '$646.07', 38, 4.63);
insert into DetallesPedido (idPedido, idProducto, precioUnitario, cantidad, descuento) values (39, 39, '€669,68', 39, 90.11);
insert into DetallesPedido (idPedido, idProducto, precioUnitario, cantidad, descuento) values (40, 40, '€889,34', 40, 55.59);
insert into DetallesPedido (idPedido, idProducto, precioUnitario, cantidad, descuento) values (41, 41, '€28,35', 41, 24.17);
insert into DetallesPedido (idPedido, idProducto, precioUnitario, cantidad, descuento) values (42, 42, '¥731.43', 42, 22.86);
insert into DetallesPedido (idPedido, idProducto, precioUnitario, cantidad, descuento) values (43, 43, '£878.40', 43, 2.9);
insert into DetallesPedido (idPedido, idProducto, precioUnitario, cantidad, descuento) values (44, 44, '$75.41', 44, 99.86);
insert into DetallesPedido (idPedido, idProducto, precioUnitario, cantidad, descuento) values (45, 45, '$507.42', 45, 60.23);
insert into DetallesPedido (idPedido, idProducto, precioUnitario, cantidad, descuento) values (46, 46, '€317,74', 46, 47.8);
insert into DetallesPedido (idPedido, idProducto, precioUnitario, cantidad, descuento) values (47, 47, '¥219.37', 47, 15.47);
insert into DetallesPedido (idPedido, idProducto, precioUnitario, cantidad, descuento) values (48, 48, '¥955.89', 48, 66.95);
insert into DetallesPedido (idPedido, idProducto, precioUnitario, cantidad, descuento) values (49, 49, '$143.36', 49, 4.89);
insert into DetallesPedido (idPedido, idProducto, precioUnitario, cantidad, descuento) values (50, 50, '$79.23', 50, 75.32);
